frame,ok,message,confidence,center_error_m,heading_deg,spacing_px,start_distance_m
1,0,not enough line candidates,0.0000,0.0000,0.00,0.0,0.000
2,0,not enough line candidates,0.0000,0.0000,0.00,0.0,0.000
3,0,not enough line candidates,0.0000,0.0000,0.00,0.0,0.000
4,0,not enough line candidates,0.0000,0.0000,0.00,0.0,0.000
5,0,not enough line candidates,0.0000,0.0000,0.00,0.0,0.000
6,0,not enough line candidates,0.0000,0.0000,0.00,0.0,0.000
7,0,not enough side rail candidates,0.0000,0.0000,0.00,0.0,0.000
8,0,no plausible parallel pair,0.0000,0.0000,0.00,0.0,0.000
9,0,no plausible parallel pair,0.0000,0.0000,0.00,0.0,0.000
10,0,no plausible parallel pair,0.0000,0.0000,0.00,0.0,0.000
11,0,no plausible parallel pair,0.0000,0.0000,0.00,0.0,0.000
12,0,no plausible parallel pair,0.0000,0.0000,0.00,0.0,0.000
13,0,no plausible parallel pair,0.0000,0.0000,0.00,0.0,0.000
14,0,no plausible parallel pair,0.0000,0.0000,0.00,0.0,0.000
15,0,no plausible parallel pair,0.0000,0.0000,0.00,0.0,0.000
16,0,no plausible parallel pair,0.0000,0.0000,0.00,0.0,0.000
17,0,no plausible parallel pair,0.0000,0.0000,0.00,0.0,0.000
18,0,no plausible parallel pair,0.0000,0.0000,0.00,0.0,0.000
19,0,no plausible parallel pair,0.0000,0.0000,0.00,0.0,0.000
20,0,no plausible parallel pair,0.0000,0.0000,0.00,0.0,0.000
21,0,no plausible parallel pair,0.0000,0.0000,0.00,0.0,0.000
22,1,u-shape-refined,0.7054,-0.3768,6.66,276.6,0.343
23,1,u-shape-refined,0.8434,-0.3451,-0.15,290.4,0.382
24,1,tracked-refined,0.6359,-0.3365,-0.78,288.2,0.386
25,1,tracked-refined,0.6441,-0.3253,-1.29,282.8,0.393
26,1,tracked-refined,0.6511,-0.3123,-1.43,275.1,0.402
27,1,tracked-refined,0.6386,-0.3002,-1.00,268.0,0.411
28,1,tracked-refined,0.6241,-0.2879,-0.35,262.1,0.421
29,1,tracked-refined,0.6204,-0.2775,0.58,254.8,0.430
30,1,tracked-refined,0.5940,-0.2692,1.70,246.1,0.440
31,1,tracked-refined,0.5749,-0.2606,2.73,238.4,0.449
32,1,u-shape-refined,0.7748,-0.1339,-8.31,273.5,0.429
33,1,tracked-refined,0.6349,-0.1460,-5.52,268.2,0.438
34,1,tracked-refined,0.6582,-0.1500,-3.39,268.2,0.448
35,1,tracked-refined,0.6637,-0.1506,-1.42,270.4,0.458
36,1,tracked-refined,0.6673,-0.1475,0.03,272.0,0.466
37,1,tracked-refined,0.6648,-0.1433,1.20,272.2,0.474
38,1,tracked-refined,0.6685,-0.1365,1.83,273.4,0.481
39,1,tracked-refined,0.6689,-0.1304,2.36,273.4,0.483
40,1,tracked-refined,0.6699,-0.1234,2.62,275.0,0.483
41,1,tracked-refined,0.6693,-0.1176,2.83,276.2,0.483
42,1,tracked-refined,0.6690,-0.1129,3.18,276.3,0.484
43,1,tracked-refined,0.6716,-0.1072,3.41,276.2,0.485
44,1,tracked-refined,0.6755,-0.1007,3.59,277.6,0.486
45,1,tracked-refined,0.6750,-0.0956,3.92,277.4,0.487
46,1,tracked-refined,0.6757,-0.0892,4.12,278.0,0.489
47,1,tracked-refined,0.6711,-0.0846,4.44,277.4,0.490
48,1,tracked-refined,0.6746,-0.0787,4.61,278.3,0.492
49,1,tracked-refined,0.6709,-0.0736,4.86,277.5,0.493
50,1,tracked-refined,0.6703,-0.0684,5.20,277.2,0.495
51,1,tracked-refined,0.6692,-0.0612,5.42,277.3,0.498
52,1,tracked-refined,0.6664,-0.0546,5.92,275.6,0.502
53,1,tracked-refined,0.6664,-0.0457,6.25,275.7,0.506
54,1,tracked-refined,0.6611,-0.0377,6.87,273.5,0.507
55,1,tracked-refined,0.6591,-0.0293,7.51,271.0,0.508
56,1,tracked-refined,0.6599,-0.0199,7.94,270.1,0.509
57,1,tracked-refined,0.6650,-0.0094,8.19,271.5,0.510
58,1,tracked-refined,0.6601,-0.0017,8.73,270.2,0.513
59,1,tracked-refined,0.6610,0.0063,9.17,270.4,0.515
60,1,tracked-refined,0.6607,0.0149,9.42,270.4,0.515
61,1,tracked-refined,0.6636,0.0236,9.63,270.9,0.516
62,1,tracked-refined,0.6645,0.0329,9.78,271.9,0.516
63,1,tracked-refined,0.6638,0.0410,9.98,272.2,0.516
64,1,tracked-refined,0.6614,0.0472,10.35,271.5,0.516
65,1,tracked-refined,0.6627,0.0532,10.58,271.5,0.516
66,1,tracked-refined,0.6646,0.0600,10.54,273.3,0.516
67,1,tracked-refined,0.6641,0.0655,10.51,274.6,0.517
68,1,tracked-refined,0.6665,0.0708,10.33,276.0,0.517
69,1,tracked-refined,0.6663,0.0747,10.16,276.5,0.518
70,1,tracked-refined,0.6667,0.0776,10.03,276.0,0.519
71,1,tracked-refined,0.6700,0.0808,9.79,275.9,0.520
72,1,tracked-refined,0.6728,0.0827,9.65,274.8,0.520
73,1,tracked-refined,0.6778,0.0844,9.52,273.8,0.520
74,1,tracked-refined,0.6826,0.0859,9.49,273.2,0.520
75,1,tracked-refined,0.6847,0.0873,9.44,273.0,0.520
76,1,tracked-refined,0.6827,0.0886,9.44,272.9,0.521
77,1,tracked-refined,0.6824,0.0900,9.41,272.8,0.521
78,1,tracked-refined,0.6803,0.0915,9.34,272.6,0.522
79,1,tracked-refined,0.6792,0.0929,9.25,272.4,0.521
80,1,tracked-refined,0.6777,0.0941,9.18,272.3,0.521
81,1,tracked-refined,0.6745,0.0951,9.17,272.0,0.521
82,1,tracked-refined,0.6709,0.0958,9.11,271.4,0.520
83,1,tracked-refined,0.6702,0.0964,9.09,270.7,0.520
84,1,tracked-refined,0.6674,0.0966,9.10,270.5,0.519
85,1,tracked-refined,0.6670,0.0967,9.07,270.1,0.519
86,1,tracked-refined,0.6666,0.0969,8.97,270.0,0.519
87,1,tracked-refined,0.6661,0.0973,8.97,269.8,0.519
88,1,tracked-refined,0.6651,0.0975,8.85,269.7,0.520
89,1,tracked-refined,0.6648,0.0975,8.76,269.4,0.521
90,1,tracked-refined,0.6644,0.0972,8.73,269.6,0.520
91,1,tracked-refined,0.6637,0.0965,8.81,269.5,0.520
92,1,tracked-refined,0.6644,0.0962,8.81,269.7,0.518
93,1,tracked-refined,0.6646,0.0960,8.83,269.7,0.519
94,1,tracked-refined,0.6637,0.0952,8.84,269.6,0.519
95,1,tracked-refined,0.6599,0.0941,8.85,269.8,0.518
96,1,tracked-refined,0.6583,0.0923,9.06,269.7,0.514
97,1,tracked-refined,0.6558,0.0908,9.16,269.8,0.508
98,1,tracked-refined,0.6518,0.0881,9.29,270.0,0.501
99,1,tracked-refined,0.6481,0.0859,9.39,269.2,0.495
100,1,tracked-refined,0.6458,0.0836,9.40,268.9,0.487
101,1,tracked-refined,0.6451,0.0810,9.51,269.1,0.479
102,1,tracked-refined,0.6486,0.0770,9.78,270.9,0.470
103,1,tracked-refined,0.6451,0.0740,9.93,271.0,0.459
104,1,tracked-refined,0.6457,0.0702,10.12,272.3,0.449
105,1,tracked-refined,0.6418,0.0678,10.20,272.4,0.440
106,1,tracked-refined,0.6421,0.0652,10.32,273.5,0.432
107,1,tracked-refined,0.6404,0.0637,10.31,274.0,0.427
108,1,tracked-refined,0.6400,0.0628,10.18,274.4,0.425
109,1,tracked-refined,0.6413,0.0618,10.17,275.7,0.425
110,1,tracked-refined,0.6444,0.0612,10.11,276.6,0.425
111,1,tracked-refined,0.6477,0.0604,10.14,277.2,0.425
112,1,tracked-refined,0.6498,0.0607,10.02,278.0,0.424
113,1,tracked-refined,0.6504,0.0609,9.96,278.4,0.423
114,1,tracked-refined,0.6505,0.0611,9.92,278.9,0.423
115,1,tracked-refined,0.6492,0.0610,9.88,279.3,0.422
116,1,tracked-refined,0.6481,0.0616,9.86,280.3,0.421
117,1,tracked-refined,0.6471,0.0616,9.90,280.9,0.420
118,1,tracked-refined,0.6465,0.0627,9.87,282.7,0.419
119,1,tracked-refined,0.6467,0.0632,9.90,284.0,0.418
120,1,tracked-refined,0.6460,0.0640,9.83,285.4,0.417
121,1,tracked-refined,0.6437,0.0647,9.82,286.8,0.416
122,1,tracked-refined,0.6405,0.0661,9.74,288.7,0.415
123,1,tracked-refined,0.6385,0.0669,9.80,290.0,0.414
124,1,tracked-refined,0.6394,0.0679,9.76,291.7,0.413
125,1,tracked-refined,0.6411,0.0684,9.79,292.7,0.412
126,1,tracked-refined,0.6423,0.0692,9.78,293.7,0.411
127,1,tracked-refined,0.6428,0.0717,9.61,294.5,0.411
128,1,tracked-refined,0.6456,0.0739,9.47,294.2,0.411
129,1,tracked-refined,0.6463,0.0763,9.32,293.7,0.411
130,1,tracked-refined,0.6462,0.0782,9.20,293.4,0.410
131,1,tracked-refined,0.6479,0.0807,9.04,293.0,0.410
132,1,tracked-refined,0.6484,0.0824,9.00,291.6,0.410
133,1,tracked-refined,0.6495,0.0840,9.01,291.0,0.410
134,1,tracked-refined,0.6512,0.0842,9.07,290.1,0.409
135,1,tracked-refined,0.6524,0.0839,9.21,289.2,0.409
136,1,tracked-refined,0.6520,0.0844,9.17,289.0,0.409
137,1,tracked-refined,0.6502,0.0821,9.57,289.5,0.408
138,1,tracked-refined,0.6485,0.0800,9.93,289.6,0.408
139,1,tracked-refined,0.6474,0.0788,9.96,287.9,0.407
140,1,tracked-refined,0.6465,0.0779,10.02,286.6,0.407
141,1,tracked-refined,0.6450,0.0767,10.04,285.8,0.407
142,1,tracked-refined,0.6441,0.0757,10.07,284.9,0.408
143,1,tracked-refined,0.6448,0.0741,10.07,284.2,0.409
144,1,tracked-refined,0.6417,0.0711,10.10,284.9,0.409
145,1,tracked-refined,0.6356,0.0678,10.16,284.7,0.410
146,1,tracked-refined,0.6341,0.0652,10.07,285.8,0.410
147,1,tracked-refined,0.6346,0.0624,10.07,286.4,0.410
148,1,tracked-refined,0.6381,0.0602,10.13,286.7,0.410
149,1,tracked-refined,0.6387,0.0581,10.27,286.3,0.410
150,1,tracked-refined,0.6397,0.0574,10.27,286.9,0.411
151,1,tracked-refined,0.6394,0.0569,10.30,287.4,0.411
152,1,tracked-refined,0.6393,0.0569,10.24,288.2,0.410
153,1,tracked-refined,0.6392,0.0565,10.32,288.2,0.409
154,1,tracked-refined,0.6415,0.0563,10.30,288.4,0.409
155,1,tracked-refined,0.6433,0.0565,10.17,288.2,0.408
156,1,tracked-refined,0.6441,0.0567,10.17,286.8,0.408
157,1,tracked-refined,0.6445,0.0569,10.10,286.7,0.407
158,1,tracked-refined,0.6438,0.0564,10.13,287.2,0.406
159,1,tracked-refined,0.6443,0.0571,10.02,288.5,0.405
160,1,tracked-refined,0.6443,0.0573,10.00,289.1,0.404
161,1,tracked-refined,0.6437,0.0583,9.87,290.8,0.402
162,1,tracked-refined,0.6430,0.0600,9.70,291.9,0.400
163,1,tracked-refined,0.6435,0.0625,9.43,293.1,0.398
164,1,tracked-refined,0.6454,0.0657,9.06,292.9,0.396
165,1,tracked-refined,0.6455,0.0693,8.65,292.5,0.394
166,1,tracked-refined,0.6439,0.0737,8.16,291.8,0.392
167,1,tracked-refined,0.6435,0.0787,7.67,291.0,0.389
168,1,tracked-refined,0.6425,0.0842,7.24,289.7,0.386
169,1,tracked-refined,0.6405,0.0904,6.75,288.9,0.384
170,1,tracked-refined,0.6381,0.0973,6.27,288.3,0.380
171,1,tracked-refined,0.6355,0.1051,5.76,287.5,0.376
172,1,tracked-refined,0.6342,0.1131,5.34,286.5,0.372
173,1,tracked-refined,0.6324,0.1218,4.84,285.7,0.368
174,1,tracked-refined,0.6312,0.1306,4.42,285.5,0.364
175,1,tracked-refined,0.6301,0.1397,3.98,284.4,0.360
176,1,tracked-refined,0.6296,0.1494,3.54,283.9,0.355
177,1,tracked-refined,0.6284,0.1589,3.14,283.3,0.350
178,1,tracked-refined,0.6281,0.1682,2.78,282.9,0.345
179,1,tracked-refined,0.6272,0.1784,2.38,282.3,0.340
180,1,tracked-refined,0.6270,0.1886,1.99,282.4,0.335
181,1,tracked-refined,0.6275,0.1985,1.65,282.2,0.329
182,1,tracked-refined,0.6277,0.2080,1.34,281.4,0.323
183,1,tracked-refined,0.6267,0.2177,1.01,281.6,0.317
184,1,tracked-refined,0.6241,0.2275,0.72,281.9,0.311
185,1,tracked-refined,0.6254,0.2371,0.43,282.1,0.306
186,1,tracked-refined,0.6267,0.2464,0.15,281.9,0.301
187,1,tracked-refined,0.6263,0.2553,-0.07,281.2,0.296
188,1,ok,0.8925,0.2984,2.37,289.9,0.000
189,1,ok,0.8739,0.3080,2.09,288.9,0.000
190,1,ok,0.8855,0.3193,2.02,290.2,0.000
191,0,no plausible parallel pair,0.0000,0.0000,0.00,0.0,0.000
192,1,ok,0.8615,0.2830,1.06,258.6,0.000
193,1,ok,0.8580,0.2955,0.32,256.4,0.000
194,1,ok,0.8547,0.3059,0.16,257.4,0.000
195,1,ok,0.8593,0.3123,-0.41,261.1,0.000
196,1,ok,0.8596,0.3264,-0.27,258.6,0.000
197,1,ok,0.8890,0.3297,-0.44,263.4,0.000
198,1,ok,0.8317,0.3498,-0.72,250.6,0.000
199,1,ok,0.8723,0.3503,-0.86,259.4,0.000
200,1,ok,0.8720,0.3510,-0.58,260.2,0.000
201,1,ok,0.8410,0.3661,-1.45,250.5,0.000
202,1,ok,0.8601,0.3627,-2.38,259.8,0.000
203,1,ok,0.8737,0.3639,-1.76,264.4,0.000
204,1,ok,0.8590,0.3749,-2.10,259.3,0.000
205,1,ok,0.8252,0.3845,-2.98,252.8,0.000
206,1,ok,0.8057,0.3905,-2.60,248.3,0.000
207,1,ok,0.8233,0.3954,-3.31,247.6,0.000
208,1,ok-refined,0.8478,0.3989,-3.67,263.0,0.006
209,1,ok,0.8309,0.3969,-3.60,259.8,0.000
210,1,ok-refined,0.8128,0.4123,-4.35,268.0,0.004
211,1,ok-refined,0.8154,0.4121,-4.09,274.0,0.004
212,1,ok-refined,0.8281,0.4145,-4.93,274.5,0.006
213,1,ok-refined,0.7864,0.4162,-5.20,272.1,0.003
214,1,ok-refined,0.8003,0.4217,-5.08,272.9,0.007
215,1,ok-refined,0.7888,0.4244,-5.95,273.0,0.005
216,1,ok-refined,0.7932,0.4204,-5.53,279.5,0.006
217,1,ok-refined,0.7763,0.4376,-6.56,264.8,0.004
218,1,ok,0.8616,0.4050,-6.33,279.6,0.000
219,1,ok-refined,0.7863,0.4288,-7.38,284.0,0.005
220,1,ok-refined,0.7903,0.4288,-7.45,283.3,0.006
221,1,ok-refined,0.7538,0.4440,-7.76,268.1,0.004
222,1,ok-refined,0.7502,0.4387,-8.15,288.9,0.007
223,1,ok-refined,0.7447,0.4388,-8.19,287.9,0.006
224,1,ok-refined,0.7793,0.4602,-8.07,259.7,0.007
225,1,ok,0.8459,0.4175,-8.02,281.3,0.000
226,1,ok-refined,0.7581,0.4369,-8.71,282.7,0.007
227,1,ok-refined,0.7393,0.4407,-9.17,285.8,0.009
228,1,ok-refined,0.7382,0.4448,-8.96,281.3,0.010
229,1,ok-refined,0.7637,0.4390,-9.60,283.8,0.010
230,1,ok-refined,0.7698,0.4390,-9.81,282.9,0.012
231,1,ok,0.8319,0.4197,-9.57,284.3,0.000
232,1,ok,0.8316,0.4198,-9.78,284.6,0.000
233,1,ok-refined,0.7470,0.4370,-10.42,287.2,0.017
234,1,ok-refined,0.7093,0.4386,-10.51,288.7,0.021
235,1,ok-refined,0.7295,0.4402,-10.55,288.8,0.024
236,1,ok-refined,0.7261,0.4396,-10.83,289.8,0.025
237,1,ok,0.8151,0.4221,-11.05,287.9,0.000
238,1,ok-refined,0.7230,0.4375,-11.38,288.4,0.028
239,1,ok-refined,0.6494,0.4879,-10.28,286.8,0.032
240,1,ok,0.8104,0.4212,-11.89,288.3,0.008
241,1,ok-refined,0.7393,0.4339,-11.99,287.3,0.035
242,1,ok-refined,0.7306,0.4319,-12.34,288.3,0.038
243,1,ok-refined,0.7662,0.4541,-12.39,257.5,0.039
244,1,ok,0.8043,0.4085,-12.70,288.9,0.017
245,1,ok,0.8084,0.4080,-13.09,287.8,0.035
246,1,ok-refined,0.6544,0.4190,-13.23,288.1,0.004
247,1,ok-refined,0.6650,0.4144,-13.66,289.4,0.004
248,1,ok-refined,0.7026,0.4036,-13.63,283.9,0.006
249,1,ok-refined,0.7108,0.3992,-14.21,285.7,0.006
250,1,ok-refined,0.7271,0.3949,-14.56,285.7,0.006
251,1,ok-refined,0.8074,0.3764,-14.95,289.0,0.061
252,1,ok-refined,0.7467,0.3824,-15.04,286.1,0.007
253,1,ok-refined,0.7569,0.3770,-15.42,286.2,0.007
254,1,ok-refined,0.7642,0.3719,-15.63,286.2,0.007
255,1,ok-refined,0.7599,0.3695,-15.97,289.0,0.007
256,1,ok-refined,0.7644,0.3690,-16.30,288.6,0.007
257,1,ok-refined,0.7566,0.3673,-16.42,289.7,0.007
258,1,ok-refined,0.7543,0.3682,-16.51,290.1,0.007
259,1,ok-refined,0.7570,0.3695,-16.40,290.3,0.007
260,1,ok-refined,0.7649,0.3487,-16.42,292.0,0.073
261,1,ok-refined,0.7707,0.3526,-16.40,291.7,0.066
262,1,ok-refined,0.7400,0.3667,-16.61,290.2,0.006
263,1,ok-refined,0.7348,0.3636,-16.73,289.1,0.008
264,1,ok-refined,0.7246,0.3620,-16.81,290.3,0.007
265,1,ok-refined,0.7346,0.3605,-16.89,290.4,0.007
266,1,ok-refined,0.6219,0.4312,-16.48,310.3,0.007
267,1,ok-refined,0.7285,0.3582,-16.88,292.4,0.007
268,1,ok-refined,0.7175,0.3563,-17.05,292.9,0.007
269,1,ok-refined,0.7120,0.3519,-17.19,292.0,0.008
270,1,ok-refined,0.7131,0.3487,-17.40,292.1,0.008
271,1,ok-refined,0.7135,0.3460,-17.53,292.2,0.007
272,1,ok-refined,0.7010,0.3429,-17.84,293.2,0.007
273,1,ok-refined,0.6974,0.3401,-18.01,293.1,0.006
274,1,ok-refined,0.7153,0.3309,-18.29,296.2,0.039
275,1,ok-refined,0.7348,0.3629,-18.24,263.5,0.007
276,1,ok-refined,0.7331,0.3583,-18.22,263.6,0.007
277,1,ok-refined,0.6768,0.3291,-18.93,296.5,0.007
278,1,ok-refined,0.7196,0.3540,-18.79,266.0,0.007
279,1,ok-refined,0.7234,0.3501,-19.00,265.1,0.006
280,1,ok-refined,0.8289,0.3311,-19.27,267.4,0.029
281,1,ok-refined,0.7228,0.3407,-19.22,265.1,0.008
282,1,ok-refined,0.7273,0.3400,-19.51,265.7,0.008
283,1,ok-refined,0.8217,0.3228,-19.59,267.5,0.026
284,1,ok-refined,0.6685,0.3087,-19.97,298.2,0.007
285,1,ok-refined,0.7255,0.3347,-19.73,265.4,0.007
286,1,ok-refined,0.7230,0.3344,-19.74,264.8,0.008
287,1,ok-refined,0.7285,0.3350,-19.76,265.2,0.007
288,1,ok-refined,0.7233,0.3353,-19.75,265.1,0.008
289,1,ok-refined,0.7272,0.3343,-19.64,264.0,0.008
290,1,ok-refined,0.7293,0.3359,-19.71,265.7,0.008
291,1,ok-refined,0.7234,0.3377,-19.73,265.8,0.007
292,1,ok-refined,0.7246,0.3374,-19.70,265.4,0.007
293,1,ok-refined,0.6844,0.3420,-19.75,265.2,0.009
294,1,ok-refined,0.7885,0.3281,-19.74,267.1,0.033
295,1,ok-refined,0.7209,0.3352,-19.82,265.9,0.007
296,1,ok-refined,0.7142,0.3319,-19.90,264.6,0.007
297,1,ok-refined,0.6587,0.3039,-20.49,298.6,0.007
298,1,ok-refined,0.6595,0.2999,-20.55,298.6,0.008
299,1,ok-refined,0.6517,0.2969,-20.64,298.5,0.008
300,1,ok-refined,0.6475,0.2943,-20.80,298.1,0.007
301,1,ok-refined,0.6415,0.2905,-21.02,298.9,0.007
302,1,ok-refined,0.6894,0.3177,-21.00,270.0,0.006
303,1,ok-refined,0.6858,0.3116,-21.05,268.2,0.007
304,1,ok-refined,0.6837,0.3100,-21.42,271.5,0.007
305,1,ok-refined,0.6802,0.3066,-21.60,272.2,0.007
306,1,ok-refined,0.6797,0.3025,-21.89,272.8,0.007
307,1,ok-refined,0.6738,0.2966,-22.27,272.8,0.007
308,1,ok-refined,0.5921,0.2640,-22.90,306.0,0.007
309,1,ok-refined,0.7836,0.2848,-22.64,274.1,0.001
310,1,ok-refined,0.6682,0.2832,-22.67,273.2,0.007
311,1,ok-refined,0.6632,0.2778,-22.88,273.0,0.007
312,1,ok-refined,0.6680,0.2746,-23.01,274.0,0.007
313,1,ok-refined,0.6626,0.2720,-23.03,272.5,0.008
314,1,ok-refined,0.5821,0.2446,-23.62,306.7,0.007
315,1,ok,0.7122,0.2362,-23.34,313.4,0.033
316,1,ok-refined,0.6656,0.2742,-23.05,273.5,0.007
317,1,ok-refined,0.6693,0.2738,-22.96,272.9,0.007
318,1,ok-refined,0.6641,0.2758,-22.92,273.4,0.007
319,1,ok-refined,0.6748,0.2759,-22.85,273.0,0.007
320,1,ok-refined,0.6759,0.2768,-22.73,272.5,0.007
321,1,ok-refined,0.6869,0.2798,-22.63,273.2,0.008
322,1,ok-refined,0.6860,0.2832,-22.41,271.5,0.007
323,1,ok-refined,0.6908,0.2837,-21.99,268.6,0.007
324,1,ok-refined,0.7002,0.2845,-21.71,267.8,0.008
325,1,ok-refined,0.7000,0.2912,-21.60,268.2,0.007
326,1,ok-refined,0.7149,0.2949,-21.26,268.2,0.008
327,1,ok-refined,0.7257,0.2996,-20.96,267.5,0.009
328,1,ok-refined,0.7328,0.3069,-20.72,266.8,0.008
329,1,ok-refined,0.7504,0.3128,-20.38,267.0,0.008
330,1,ok-refined,0.8166,0.3047,-20.11,266.9,0.049
331,1,ok-refined,0.7698,0.3272,-19.57,264.7,0.008
332,1,ok-refined,0.7884,0.3364,-19.20,265.1,0.007
333,1,ok-refined,0.7452,0.3155,-18.99,295.2,0.009
334,1,ok-refined,0.7201,0.3184,-18.37,293.3,0.033
335,1,ok-refined,0.7654,0.3285,-17.92,291.8,0.024
336,1,ok-refined,0.7601,0.3381,-17.39,292.4,0.029
337,1,ok-refined,0.7745,0.3468,-16.96,289.9,0.032
338,1,ok-refined,0.7825,0.3564,-16.58,287.0,0.034
339,1,ok-refined,0.7955,0.3623,-15.94,281.7,0.036
340,1,ok-refined,0.7991,0.3711,-15.34,280.5,0.039
341,1,ok-refined,0.8010,0.3796,-14.86,278.8,0.043
342,1,ok-refined,0.6839,0.4607,-14.46,296.0,0.045
343,1,ok-refined,0.7857,0.3978,-13.85,276.9,0.046
344,1,ok-refined,0.7742,0.4075,-13.49,276.8,0.046
345,1,ok-refined,0.7610,0.4157,-13.03,278.0,0.047
346,1,ok-refined,0.7508,0.4257,-12.74,278.6,0.046
347,1,ok-refined,0.7372,0.4326,-12.27,277.7,0.045
348,1,ok-refined,0.6746,0.4831,-11.08,285.9,0.125
349,1,ok-refined,0.7149,0.4491,-11.68,280.3,0.045
350,1,ok-refined,0.7160,0.4541,-11.15,279.5,0.044
351,1,ok-refined,0.7133,0.4590,-10.82,277.3,0.042
352,1,ok-refined,0.7012,0.4645,-10.51,276.8,0.042
353,1,ok-refined,0.5916,0.4928,-7.77,237.4,0.043
354,1,ok-refined,0.6910,0.4733,-9.69,274.0,0.043
355,1,ok-refined,0.6808,0.4762,-9.21,272.2,0.043
356,1,ok-refined,0.6714,0.4793,-8.76,269.0,0.044
357,1,ok-refined,0.6549,0.4826,-8.36,266.1,0.043
358,1,ok-refined,0.6370,0.4838,-7.82,259.3,0.042
359,1,ok-refined,0.6507,0.4669,-6.67,245.5,0.130
360,1,ok-refined,0.6269,0.4707,-6.31,242.0,0.135
361,1,ok,0.8376,0.5009,-7.32,276.6,0.063
362,1,ok,0.8418,0.4974,-6.93,277.7,0.172
363,1,ok,0.8478,0.5062,-6.57,277.6,0.174
364,1,ok,0.8428,0.5142,-6.13,275.1,0.172
365,1,ok,0.8422,0.5241,-5.77,276.0,0.169
366,1,ok,0.8000,0.6296,-4.95,291.8,0.164
367,1,ok,0.8407,0.5386,-4.59,273.0,0.162
368,1,ok,0.8430,0.5484,-4.20,272.9,0.162
369,1,ok,0.8379,0.5583,-3.79,272.3,0.159
370,1,ok,0.8445,0.5655,-3.15,273.4,0.156
371,1,ok,0.8418,0.5738,-2.81,273.7,0.152
372,1,ok,0.8306,0.5816,-2.57,272.9,0.148
373,1,ok,0.8297,0.5887,-2.23,272.9,0.143
374,1,ok,0.8399,0.5960,-1.95,273.8,0.140
375,1,ok,0.8430,0.6016,-1.63,274.3,0.138
376,1,ok,0.8410,0.6065,-1.53,273.5,0.136
377,1,ok,0.8426,0.6089,-1.20,275.2,0.134
378,1,ok,0.7948,0.7165,-1.28,299.6,0.134
379,1,ok,0.7286,0.6102,-0.68,270.8,0.132
380,1,ok,0.7320,0.6149,-0.92,276.5,0.133
381,1,ok,0.8424,0.6155,-0.94,275.7,0.135
382,1,ok,0.8403,0.6144,-0.74,273.3,0.134
383,1,ok,0.7963,0.6150,-0.87,276.6,0.133
384,1,ok,0.8175,0.7113,-0.60,291.0,0.134
385,1,ok,0.7370,0.6089,-0.65,272.1,0.136
386,1,ok,0.8092,0.6108,-0.82,271.8,0.136
387,1,ok,0.8468,0.6118,-0.95,275.9,0.136
388,1,ok,0.8494,0.6124,-1.02,277.4,0.136
389,1,ok,0.8415,0.6100,-0.72,273.0,0.136
390,1,ok,0.7968,0.6089,-0.67,271.9,0.136
391,1,ok,0.8381,0.6087,-0.61,271.0,0.136
392,1,ok,0.8434,0.6093,-0.59,273.5,0.136
393,1,ok,0.7366,0.6084,-0.68,272.8,0.136
394,1,ok,0.8417,0.6091,-0.72,272.8,0.136
395,1,ok,0.8475,0.6124,-1.07,276.5,0.136
396,1,ok,0.8164,0.6126,-1.03,275.9,0.136
397,1,ok,0.8436,0.6113,-0.92,274.3,0.136
398,1,ok,0.8422,0.6097,-0.70,273.1,0.136
399,1,ok,0.8454,0.6126,-1.07,275.7,0.136
400,1,ok,0.8214,0.7090,-0.54,290.2,0.136
401,1,ok,0.7959,0.7147,-1.03,297.0,0.136
402,1,ok,0.8482,0.6122,-1.11,277.0,0.136
403,1,ok,0.8358,0.6096,-0.72,273.2,0.137
404,1,ok,0.7537,0.7115,-0.50,290.2,0.139
405,1,ok,0.8444,0.6208,-1.09,277.9,0.148
406,1,ok,0.8481,0.6242,-0.97,280.0,0.154
407,1,ok,0.8150,0.6227,-0.50,276.9,0.156
408,1,ok,0.8464,0.6267,-0.91,279.4,0.158
409,1,ok,0.8493,0.6269,-0.87,278.6,0.162
410,1,ok,0.8451,0.6304,-1.06,276.7,0.165
411,0,no plausible parallel pair,0.0000,0.0000,0.00,0.0,0.000
412,1,ok,0.8461,0.6386,-1.51,278.4,0.177
413,1,ok,0.8456,0.6441,-1.46,278.1,0.184
414,1,ok,0.8310,0.6535,-1.76,282.4,0.187
415,1,ok,0.8363,0.6608,-1.89,281.3,0.194
416,1,ok,0.8364,0.6667,-1.99,281.0,0.199
417,0,no plausible parallel pair,0.0000,0.0000,0.00,0.0,0.000
418,0,no plausible parallel pair,0.0000,0.0000,0.00,0.0,0.000
419,1,ok,0.7173,0.7346,-1.93,224.1,0.213
420,1,ok,0.7605,0.6969,-2.67,277.5,0.216
421,0,no plausible parallel pair,0.0000,0.0000,0.00,0.0,0.000
422,0,no plausible parallel pair,0.0000,0.0000,0.00,0.0,0.000
423,0,no plausible parallel pair,0.0000,0.0000,0.00,0.0,0.000
424,0,no plausible parallel pair,0.0000,0.0000,0.00,0.0,0.000
425,0,no plausible parallel pair,0.0000,0.0000,0.00,0.0,0.000
426,0,no plausible parallel pair,0.0000,0.0000,0.00,0.0,0.000
427,0,no plausible parallel pair,0.0000,0.0000,0.00,0.0,0.000
428,0,no plausible parallel pair,0.0000,0.0000,0.00,0.0,0.000
429,0,no plausible parallel pair,0.0000,0.0000,0.00,0.0,0.000
430,0,no plausible parallel pair,0.0000,0.0000,0.00,0.0,0.000
431,0,no plausible parallel pair,0.0000,0.0000,0.00,0.0,0.000
432,0,no plausible parallel pair,0.0000,0.0000,0.00,0.0,0.000
433,0,no plausible parallel pair,0.0000,0.0000,0.00,0.0,0.000
434,0,no plausible parallel pair,0.0000,0.0000,0.00,0.0,0.000
435,0,no plausible parallel pair,0.0000,0.0000,0.00,0.0,0.000
436,0,no plausible parallel pair,0.0000,0.0000,0.00,0.0,0.000
437,0,no plausible parallel pair,0.0000,0.0000,0.00,0.0,0.000
438,0,no plausible parallel pair,0.0000,0.0000,0.00,0.0,0.000
439,0,no plausible parallel pair,0.0000,0.0000,0.00,0.0,0.000
440,0,no plausible parallel pair,0.0000,0.0000,0.00,0.0,0.000
441,1,ok,0.7848,0.6696,-2.88,270.0,0.231
442,1,ok,0.8074,0.6570,-2.68,265.3,0.227
443,1,ok,0.8179,0.6485,-2.63,267.9,0.226
444,1,ok,0.8176,0.6415,-2.77,267.7,0.224
445,1,ok,0.7955,0.6283,-2.37,266.7,0.220
446,1,ok,0.8065,0.6161,-2.41,269.0,0.217
447,1,ok,0.8271,0.6060,-2.77,269.5,0.212
448,1,ok,0.8337,0.5947,-2.75,271.5,0.210
449,1,ok,0.8398,0.5797,-2.49,271.6,0.206
450,1,ok,0.8427,0.5672,-2.45,270.0,0.204
451,1,ok,0.8175,0.6592,-2.52,292.0,0.201
452,1,ok,0.8484,0.5446,-2.10,271.0,0.197
453,1,ok,0.8586,0.5318,-2.13,272.8,0.191
454,1,ok,0.8608,0.5180,-2.09,273.0,0.188
455,1,ok,0.8472,0.5053,-1.90,274.4,0.185
456,1,ok,0.8629,0.4912,-1.90,273.8,0.181
457,1,ok,0.8331,0.4971,-1.63,254.5,0.178
458,1,ok,0.8602,0.4760,-1.26,264.0,0.173
459,1,ok,0.8425,0.4710,-1.24,253.5,0.058
460,1,ok,0.8292,0.4640,-1.32,248.1,0.054
461,1,ok-refined,0.7184,0.4244,-1.05,235.7,0.145
462,1,ok-refined,0.7069,0.4112,-0.68,236.8,0.055
463,1,ok-refined,0.6710,0.4619,-3.99,301.2,0.141
464,1,ok-refined,0.6947,0.3950,-0.49,248.1,0.052
465,1,ok-refined,0.8300,0.3948,-0.76,255.7,0.133
466,1,ok-refined,0.7457,0.3825,-0.66,254.2,0.044
467,1,ok-refined,0.8418,0.3721,-0.60,258.3,0.044
468,1,ok-refined,0.8530,0.3512,-0.50,266.4,0.042
469,1,ok-refined,0.8521,0.3366,-0.29,266.6,0.040
470,1,ok-refined,0.8554,0.3230,-0.07,269.0,0.039
471,1,ok-refined,0.8500,0.3101,0.42,264.8,0.037
472,1,ok-refined,0.8618,0.3007,0.17,269.1,0.120
473,1,ok-refined,0.8552,0.2818,0.25,269.1,0.036
474,1,ok-refined,0.7668,0.2685,0.28,268.3,0.034
475,1,ok-refined,0.8492,0.2584,0.18,264.3,0.032
476,1,ok-refined,0.9061,0.2775,0.86,289.7,0.112
477,1,ok-refined,0.8444,0.2653,0.66,283.6,0.029
478,1,ok-refined,0.9033,0.2480,1.02,287.4,0.109
479,1,tracked-refined,0.6705,0.2321,1.10,286.6,0.103
480,1,tracked-refined,0.6758,0.2171,1.15,285.6,0.098
481,1,tracked-refined,0.6795,0.2028,1.22,285.0,0.095
482,1,tracked-refined,0.6824,0.1888,1.32,284.4,0.092
483,1,tracked-refined,0.6835,0.1745,1.50,283.5,0.089
484,1,tracked-refined,0.6849,0.1609,1.62,283.0,0.087
485,1,tracked-refined,0.6873,0.1468,1.78,282.2,0.085
486,1,tracked-refined,0.6865,0.1321,1.95,281.6,0.082
487,1,tracked-refined,0.6890,0.1181,2.10,280.8,0.081
488,1,tracked-refined,0.6904,0.1038,2.25,279.7,0.079
489,1,tracked-refined,0.6915,0.0892,2.40,278.7,0.077
490,1,tracked-refined,0.6909,0.0745,2.57,278.4,0.075
491,1,tracked-refined,0.6913,0.0597,2.75,278.0,0.073
492,1,tracked-refined,0.6933,0.0445,2.94,277.7,0.072
493,1,tracked-refined,0.6947,0.0298,3.08,277.9,0.070
494,1,tracked-refined,0.6958,0.0150,3.23,277.8,0.070
495,1,tracked-refined,0.6951,0.0009,3.34,277.3,0.068
496,1,tracked-refined,0.6887,-0.0127,3.45,276.7,0.066
497,1,tracked-refined,0.6862,-0.0261,3.57,275.8,0.063
498,1,tracked-refined,0.6862,-0.0400,3.75,275.5,0.062
499,1,tracked-refined,0.6826,-0.0537,3.92,274.9,0.059
500,1,tracked-refined,0.6818,-0.0673,4.11,274.8,0.058
501,1,tracked-refined,0.6806,-0.0805,4.29,275.2,0.056
502,1,tracked-refined,0.6780,-0.0933,4.49,275.3,0.054
503,1,tracked-refined,0.6762,-0.1063,4.70,275.2,0.053
504,1,tracked-refined,0.6741,-0.1194,4.92,275.5,0.052
505,1,tracked-refined,0.6717,-0.1322,5.12,276.0,0.050
506,1,tracked-refined,0.6698,-0.1451,5.32,276.7,0.049
507,1,tracked-refined,0.6688,-0.1584,5.57,276.6,0.048
508,1,tracked-refined,0.6643,-0.1711,5.74,276.7,0.047
509,1,tracked-refined,0.6623,-0.1838,5.88,276.9,0.045
510,1,tracked-refined,0.6583,-0.1967,6.00,276.7,0.044
511,1,tracked-refined,0.6534,-0.2104,6.17,276.5,0.043
512,1,tracked-refined,0.6505,-0.2231,6.27,276.1,0.043
513,1,tracked-refined,0.6477,-0.2356,6.38,276.0,0.043
514,1,tracked-refined,0.6448,-0.2480,6.55,275.8,0.041
515,1,tracked-refined,0.6440,-0.2601,6.74,275.6,0.040
516,1,tracked-refined,0.6412,-0.2720,6.90,275.9,0.040
517,1,tracked-refined,0.6356,-0.2843,7.09,275.1,0.039
518,1,tracked-refined,0.6350,-0.2965,7.21,275.2,0.039
519,1,tracked-refined,0.6409,-0.3093,7.38,274.9,0.039
520,1,tracked-refined,0.6481,-0.3220,7.54,274.3,0.039
521,1,tracked-refined,0.6616,-0.3344,7.68,274.1,0.039
522,1,tracked-refined,0.6690,-0.3474,7.83,273.5,0.041
523,1,tracked-refined,0.6545,-0.3603,7.91,272.5,0.042
524,1,tracked-refined,0.6448,-0.3728,7.91,271.0,0.045
525,1,tracked-refined,0.6365,-0.3839,7.85,268.6,0.048
526,1,tracked-refined,0.6255,-0.3946,7.76,264.7,0.049
527,1,tracked-refined,0.6144,-0.4053,7.78,260.9,0.051
528,1,tracked-refined,0.5982,-0.4148,7.67,255.5,0.053
529,1,tracked-refined,0.5828,-0.4230,7.45,249.0,0.054
530,1,tracked-refined,0.5706,-0.4306,7.24,241.5,0.056
531,1,tracked-refined,0.5543,-0.4353,6.90,231.1,0.057
532,1,tracked-refined,0.5446,-0.4366,6.41,218.8,0.058
533,1,tracked-refined,0.5324,-0.4368,5.91,204.6,0.060
534,1,tracked-refined,0.5169,-0.4379,5.53,192.1,0.062
535,1,tracked-refined,0.4939,-0.4401,5.26,182.4,0.064
536,1,tracked-refined,0.4730,-0.4437,5.20,174.7,0.066
537,1,tracked-refined,0.4607,-0.4466,5.21,169.2,0.067
538,1,tracked-refined,0.4485,-0.4498,5.20,164.3,0.069
539,0,not enough side rail candidates,0.0000,0.0000,0.00,0.0,0.000
540,0,not enough side rail candidates,0.0000,0.0000,0.00,0.0,0.000
541,0,not enough side rail candidates,0.0000,0.0000,0.00,0.0,0.000
542,0,not enough side rail candidates,0.0000,0.0000,0.00,0.0,0.000
543,0,not enough side rail candidates,0.0000,0.0000,0.00,0.0,0.000
544,0,not enough side rail candidates,0.0000,0.0000,0.00,0.0,0.000
545,0,not enough side rail candidates,0.0000,0.0000,0.00,0.0,0.000
546,0,not enough side rail candidates,0.0000,0.0000,0.00,0.0,0.000
547,0,not enough side rail candidates,0.0000,0.0000,0.00,0.0,0.000
548,0,not enough side rail candidates,0.0000,0.0000,0.00,0.0,0.000
549,0,not enough side rail candidates,0.0000,0.0000,0.00,0.0,0.000
550,0,not enough side rail candidates,0.0000,0.0000,0.00,0.0,0.000
551,0,not enough side rail candidates,0.0000,0.0000,0.00,0.0,0.000
552,0,not enough side rail candidates,0.0000,0.0000,0.00,0.0,0.000
553,0,not enough side rail candidates,0.0000,0.0000,0.00,0.0,0.000
554,0,not enough side rail candidates,0.0000,0.0000,0.00,0.0,0.000
555,0,not enough side rail candidates,0.0000,0.0000,0.00,0.0,0.000
556,0,not enough side rail candidates,0.0000,0.0000,0.00,0.0,0.000
557,0,not enough side rail candidates,0.0000,0.0000,0.00,0.0,0.000
558,0,not enough side rail candidates,0.0000,0.0000,0.00,0.0,0.000
559,0,not enough side rail candidates,0.0000,0.0000,0.00,0.0,0.000
560,0,not enough side rail candidates,0.0000,0.0000,0.00,0.0,0.000
561,0,not enough side rail candidates,0.0000,0.0000,0.00,0.0,0.000
562,0,not enough side rail candidates,0.0000,0.0000,0.00,0.0,0.000
563,0,not enough side rail candidates,0.0000,0.0000,0.00,0.0,0.000
564,0,not enough side rail candidates,0.0000,0.0000,0.00,0.0,0.000
565,0,not enough side rail candidates,0.0000,0.0000,0.00,0.0,0.000
566,0,not enough side rail candidates,0.0000,0.0000,0.00,0.0,0.000
567,0,not enough side rail candidates,0.0000,0.0000,0.00,0.0,0.000
568,0,not enough side rail candidates,0.0000,0.0000,0.00,0.0,0.000
569,0,not enough side rail candidates,0.0000,0.0000,0.00,0.0,0.000
570,0,not enough side rail candidates,0.0000,0.0000,0.00,0.0,0.000
571,0,not enough side rail candidates,0.0000,0.0000,0.00,0.0,0.000
572,0,not enough side rail candidates,0.0000,0.0000,0.00,0.0,0.000
573,0,not enough side rail candidates,0.0000,0.0000,0.00,0.0,0.000
574,0,not enough side rail candidates,0.0000,0.0000,0.00,0.0,0.000
575,0,not enough side rail candidates,0.0000,0.0000,0.00,0.0,0.000
576,0,not enough side rail candidates,0.0000,0.0000,0.00,0.0,0.000
577,1,u-shape-refined,0.9222,-0.3907,3.14,265.7,0.114
578,1,tracked-refined,0.6411,-0.3866,2.99,259.5,0.116
579,1,tracked-refined,0.6493,-0.3837,2.89,255.9,0.118
580,1,tracked-refined,0.6498,-0.3804,2.86,254.8,0.119
581,1,tracked-refined,0.6498,-0.3759,2.76,256.3,0.121
582,1,tracked-refined,0.6491,-0.3706,2.60,258.7,0.122
583,1,tracked-refined,0.6536,-0.3658,2.50,262.9,0.124
584,1,tracked-refined,0.6609,-0.3611,2.43,268.1,0.125
585,1,tracked-refined,0.6705,-0.3567,2.42,273.5,0.126
586,1,tracked-refined,0.6722,-0.3515,2.40,279.3,0.127
587,1,tracked-refined,0.6623,-0.3462,2.40,284.6,0.128
