frame,time_s,correct,method,confidence,center_error_m,heading_deg,start_distance_m,spacing_px
0,0.0,0,not enough line candidates,0.0,0.0,0.0,0.0,0.0
1,0.03333333333333333,0,not enough line candidates,0.0,0.0,0.0,0.0,0.0
2,0.06666666666666667,0,not enough line candidates,0.0,0.0,0.0,0.0,0.0
3,0.1,0,not enough line candidates,0.0,0.0,0.0,0.0,0.0
4,0.13333333333333333,0,not enough line candidates,0.0,0.0,0.0,0.0,0.0
5,0.16666666666666666,0,not enough line candidates,0.0,0.0,0.0,0.0,0.0
6,0.2,0,not enough side rail candidates,0.0,0.0,0.0,0.0,0.0
7,0.23333333333333334,0,no plausible parallel pair,0.0,0.0,0.0,0.0,0.0
8,0.26666666666666666,0,no plausible parallel pair,0.0,0.0,0.0,0.0,0.0
9,0.3,0,no plausible parallel pair,0.0,0.0,0.0,0.0,0.0
10,0.3333333333333333,0,no plausible parallel pair,0.0,0.0,0.0,0.0,0.0
11,0.36666666666666664,0,no plausible parallel pair,0.0,0.0,0.0,0.0,0.0
12,0.4,0,no plausible parallel pair,0.0,0.0,0.0,0.0,0.0
13,0.43333333333333335,0,no plausible parallel pair,0.0,0.0,0.0,0.0,0.0
14,0.4666666666666667,0,no plausible parallel pair,0.0,0.0,0.0,0.0,0.0
15,0.5,0,no plausible parallel pair,0.0,0.0,0.0,0.0,0.0
16,0.5333333333333333,0,no plausible parallel pair,0.0,0.0,0.0,0.0,0.0
17,0.5666666666666667,1,u-shape,0.6097163423372688,-0.33497951517944335,18.98032047266087,0.17348705314941404,166.49896301269533
18,0.6,1,u-shape,0.6507162115337983,-0.42748082022552486,20.917939271818938,0.17800824860839842,284.67011108398435
19,0.6333333333333333,1,u-shape,0.5548549002070474,-0.44510358333435057,22.3182031834327,0.18525443874511718,314.1452844238282
20,0.6666666666666666,0,no plausible parallel pair,0.0,0.0,0.0,0.0,0.0
21,0.7,1,u-shape,0.5543168679290178,-0.4327486588653564,13.869253205640547,0.25568373626708985,352.33563842773435
22,0.7333333333333333,1,u-shape,0.7402975988591234,-0.3674995999816894,4.434893907269083,0.3235462368041992,321.73932495117185
23,0.7666666666666667,1,u-shape,0.7590572285241433,-0.29368991734008787,-6.142518892784178,0.33989168493652344,320.9593420410156
24,0.8,1,u-shape,0.6003898941478207,-0.20710077804870605,-16.60111286828938,0.2924025244873047,358.68656982421874
25,0.8333333333333334,0,no plausible parallel pair,0.0,0.0,0.0,0.0,0.0
26,0.8666666666666667,1,u-shape,0.6029597178863128,-0.155507070715332,-17.500734159139277,0.3061326126220703,355.0197863769531
27,0.9,1,u-shape,0.6107124579049046,-0.14471084025878905,-16.543189449046313,0.3174732323486328,352.4421844482422
28,0.9333333333333333,1,u-shape,0.618115278254928,-0.13242271621093749,-15.677992311605424,0.3261559206054687,350.0027532958984
29,0.9666666666666667,1,u-shape,0.6215418712872818,-0.12022162717285155,-14.993820800337925,0.3359145634033203,348.4439111328125
30,1.0,1,u-shape,0.6201301852707978,-0.10523620618286132,-14.710627497035519,0.3424809764770508,348.2244342041016
31,1.0333333333333334,1,u-shape,0.6493153263867515,-0.10073666436157226,-12.907739301867068,0.35343004377441406,341.8581573486328
32,1.0666666666666667,1,u-shape,0.6527844926814627,-0.08748537389526366,-12.599790831697248,0.35857414921874997,341.00133544921874
33,1.1,1,u-shape,0.6763927405172488,-0.08480489531249999,-10.859946990100912,0.37010870565185544,335.5553051757812
34,1.1333333333333333,1,u-shape,0.6792146367732776,-0.07376485120239257,-10.37460399307438,0.3746220175048828,334.62419372558594
35,1.1666666666666667,1,u-shape,0.6877882851582081,-0.0686616353942871,-9.359497863764279,0.38269120354614256,332.87499145507815
36,1.2,1,u-shape,0.6902805573424566,-0.06044534126586914,-9.031974925211317,0.38787950974121094,332.65549438476563
37,1.2333333333333334,1,u-shape,0.6949191517081028,-0.055906066070556634,-8.443495217967495,0.3923023703552246,331.6658306884766
38,1.2666666666666666,1,u-shape,0.7082828534186876,-0.05527159346313476,-7.342162219273903,0.40093544445190427,329.02882995605466
39,1.3,1,u-shape,0.7094767923985523,-0.04992261937866211,-7.06276991624374,0.40430973291625977,329.10124572753904
40,1.3333333333333333,1,u-shape,0.6880963546997766,-0.03792729245605469,-7.878119479359612,0.40608475307617187,333.6798272705079
41,1.3666666666666667,1,u-shape,0.6481027034363163,-0.020174936004638672,-9.433472227553212,0.40157049519042964,340.98582824707034
42,1.4,1,u-shape,0.6580218925506642,-0.018025497119140622,-8.728253488363125,0.408884642010498,339.3722900390625
43,1.4333333333333333,1,u-shape,0.6677057504932721,-0.01455003571166992,-8.15281261224188,0.4126312994628906,337.56183227539066
44,1.4666666666666666,1,u-shape,0.6667379972259648,-0.010329626098632812,-7.857096157099113,0.41730244110717774,337.33897766113284
45,1.5,1,u-shape,0.6627167870616387,-0.0031960664123535155,-7.849395118811682,0.419986966607666,337.8089202880859
46,1.5333333333333334,1,u-shape,0.6551774243597457,0.0032911427001953123,-7.9230356571050065,0.4226024842773437,338.94939880371095
47,1.5666666666666667,1,u-shape,0.6520448745487604,0.009249992541503906,-7.867713686161474,0.425945133203125,338.9194702148437
48,1.6,1,u-shape,0.6333261879148313,0.019625921685791015,-8.309306760243125,0.4251754830322265,340.8639630126953
49,1.6333333333333333,1,u-shape,0.6525644185842114,0.01884917626953125,-7.152453288233292,0.43568238515014646,337.30106933593754
50,1.6666666666666667,1,u-shape,0.647408689739825,0.027570862097167966,-7.100070006179486,0.4416156395507812,337.299072265625
51,1.7,1,u-shape,0.6282163349317751,0.04041246784057617,-7.4503840053271055,0.44555576069335934,339.8905731201172
52,1.7333333333333334,1,u-shape,0.6322175395757875,0.04766270489501953,-6.8245700572016945,0.4531840429321289,337.77551025390625
53,1.7666666666666666,1,u-shape,0.6820809545829596,0.04194004788818359,-4.146283837069269,0.4701653827209472,329.2694274902344
54,1.8,1,u-shape,0.6777318656643586,0.05499214591064453,-4.278062518677644,0.47020191009521484,329.4243481445312
55,1.8333333333333333,1,u-shape,0.7273867397339795,0.045304981140136716,-0.9956392364063635,0.49157904345092773,321.12945556640625
56,1.8666666666666667,1,u-shape,0.7489655945437472,0.04182452678222656,1.2727852609737516,0.49694357451782223,316.8891912841797
57,1.9,1,u-shape,0.7497919318457975,0.04599742453002929,2.2000192990844103,0.4987560680847168,316.3194403076172
58,1.9333333333333333,1,u-shape,0.757001471754386,0.0382700716430664,5.2475553640603465,0.4958681981079101,314.566220703125
59,1.9666666666666666,1,u-shape,0.7522324582067532,0.0511815261352539,4.526932840748105,0.4970952025390625,314.40333557128906
60,2.0,1,u-shape,0.7575954180106217,0.039520306433105466,8.293858579891376,0.48890219132690427,313.31224731445315
61,2.033333333333333,1,u-shape,0.7549548744957078,0.031759159155273435,11.195637127352052,0.4806268227111816,312.9720977783203
62,2.066666666666667,1,u-shape,0.7461488163062437,0.022525038940429686,14.296657415498384,0.47153313579711914,313.4927154541016
63,2.1,1,u-shape,0.7399894359668188,0.024423621484374998,15.285609896708833,0.46830227640380856,314.1981384277344
64,2.1333333333333333,1,u-shape,0.7446798845509055,0.03582426173095703,14.336901743852556,0.47109443940429685,313.2653735351563
65,2.1666666666666665,1,u-shape,0.7277872901934895,0.024565841735839842,17.224572535585793,0.46249836569824215,316.67984497070313
66,2.2,1,u-shape,0.7190758288644971,0.0234094744140625,18.026950715697126,0.4591342733642578,318.53262817382813
67,2.2333333333333334,1,u-shape,0.7238376185130337,0.029240504724121093,17.42329688944194,0.46257804267578123,317.6648284912109
68,2.2666666666666666,1,u-shape,0.6987717312050216,0.01687317671508789,19.9282807198032,0.45439422900390625,323.47938903808597
69,2.3,1,u-shape,0.7073402222591284,0.021838429418945312,19.049570053092523,0.458662518383789,321.79283508300784
70,2.3333333333333335,1,u-shape,0.7084458594498677,0.02119948943481445,19.132350238266884,0.4572741628173828,321.86302185058594
71,2.3666666666666667,1,u-shape,0.712314087691444,0.023285228784179685,18.657115921209662,0.45459326377563475,320.42283630371094
72,2.4,1,u-shape,0.7336785931969326,0.03321116170043945,16.72873495290193,0.45793039417724607,316.2321209716797
73,2.433333333333333,1,u-shape,0.7329298211253286,0.031328504040527345,17.0950106772494,0.4521018340637207,316.2554992675781
74,2.466666666666667,1,u-shape,0.7375522582562246,0.0340478750793457,16.654586419289203,0.4497676034545898,315.50968994140624
75,2.5,1,u-shape,0.7450036636975982,0.04062905677490234,15.611592627604306,0.44963642025146483,313.49353088378905
76,2.533333333333333,1,u-shape,0.7380406608704331,0.03671074694213867,16.435653243230895,0.44526595933837887,315.4896228027344
77,2.566666666666667,1,u-shape,0.7469143396474721,0.04576060100708008,14.94203942870459,0.4480393593566894,314.5200018310547
78,2.6,1,u-shape,0.7327624806050667,0.03339852873535156,17.052492749675782,0.4392616999267578,317.9325085449219
79,2.6333333333333333,1,u-shape,0.7434670560152028,0.04142099127197266,15.643458875169724,0.44006556494750976,315.6473040771484
80,2.6666666666666665,1,u-shape,0.7494166334914834,0.04604756426391601,14.733658894911542,0.43877223311157226,314.69635009765625
81,2.7,1,u-shape,0.7470030322137187,0.04161434984741211,15.33170513585943,0.4348215479370117,315.6524865722656
82,2.7333333333333334,1,u-shape,0.7478821783580748,0.04274433336791992,15.02678329326488,0.4342312235229492,315.81720825195316
83,2.7666666666666666,1,u-shape,0.7425058335091538,0.036630123931884764,15.933794848795042,0.43033982306518553,317.31028442382814
84,2.8,1,u-shape,0.7367760862292707,0.032562866503906246,16.491389294392764,0.4282668551574707,318.9209381103516
85,2.8333333333333335,1,u-shape,0.7415590743366105,0.038599185913085934,15.404168320294843,0.43335635349121093,318.45485717773437
86,2.8666666666666667,1,u-shape,0.7385338789060425,0.03675063798828125,15.608134844337776,0.4323020525878906,319.22136840820315
87,2.9,1,u-shape,0.7418049639551791,0.04005271262207031,15.012678952632026,0.4329805682739258,318.48674072265624
88,2.933333333333333,1,u-shape,0.7467694494132163,0.0465288846862793,13.879853659229987,0.4352859448852539,317.646904296875
89,2.966666666666667,1,u-shape,0.7500565087541211,0.047697602990722655,13.598573662668393,0.43475522053222654,316.9496246337891
90,3.0,1,u-shape,0.750167445281962,0.044972135296630855,13.982118666554653,0.43237962727050777,316.90806579589844
91,3.033333333333333,1,u-shape,0.7464769200894555,0.03811024467163086,14.999494979989619,0.43007750921630855,317.48035522460935
92,3.066666666666667,1,u-shape,0.7503199594796072,0.043988576617431635,13.94516734315332,0.4306472311401367,316.68136108398437
93,3.1,1,u-shape,0.7658238690976295,0.05859900075073242,11.35290820937121,0.42490775577392575,313.29090270996096
94,3.1333333333333333,1,u-shape,0.7789816105558144,0.050149457000732416,12.450949910659254,0.4093289094848633,309.41317382812497
95,3.1666666666666665,1,u-shape,0.7878995267802201,0.05084300409545898,12.059214656186372,0.3990164170898437,306.5135363769531
96,3.2,1,u-shape,0.7913712848427698,0.042981367120361325,12.988288576504283,0.388164370703125,305.25383911132815
97,3.2333333333333334,1,u-shape,0.7972219071522739,0.040513167767333984,12.879760285712146,0.3800308544372558,304.44000610351566
98,3.2666666666666666,1,u-shape,0.7995982721217086,0.041285656036376954,12.233766116801716,0.37500999603271484,304.55601196289064
99,3.3,1,u-shape,0.8017386247984751,0.04061470861206055,11.767101979603611,0.3693981299682617,305.0166320800781
100,3.3333333333333335,1,u-shape,0.8048381623933029,0.0391372157409668,11.39438282554935,0.361766273828125,305.42033630371094
101,3.3666666666666667,1,u-shape,0.8040686621030086,0.03548894569091797,11.426729747677498,0.35202224197998044,306.5510498046875
102,3.4,1,u-shape,0.8110796316450486,0.04327132614746094,9.749547769059845,0.3427845478637695,306.2187530517578
103,3.433333333333333,1,u-shape,0.8145122432324725,0.029734071014404295,11.220849916893751,0.32673930744628904,306.5279541015625
104,3.466666666666667,1,u-shape,0.8194063641758901,0.0294934633605957,10.775090427419343,0.31461526751708985,306.1897247314453
105,3.5,1,u-shape,0.8207087887759704,0.024354666210937497,10.984874565086507,0.3028138247436523,307.40752563476565
106,3.533333333333333,1,u-shape,0.8227809493936958,0.025271950042724606,10.346047825934724,0.2905519793823242,308.44671020507815
107,3.566666666666667,1,u-shape,0.8260281305004965,0.0228737571105957,10.194951234923847,0.27698702651367185,308.93204589843754
108,3.6,1,u-shape,0.8266621291298042,0.01786850824584961,10.520801630904183,0.26402753458251954,310.1468444824219
109,3.6333333333333333,1,u-shape,0.8285003975111207,0.016991483361816405,10.221467736823074,0.25063307783203126,311.17453796386724
110,3.6666666666666665,1,u-shape,0.830273393021281,0.015483927673339844,10.04298037969941,0.23458499931640622,311.8674011230469
111,3.7,1,u-shape,0.8347640544836978,0.017366848120117188,9.523541932117604,0.2196966517944336,311.6395904541016
112,3.7333333333333334,1,u-shape,0.8370366019313689,0.015317005456542968,9.517666261885442,0.20377681326904296,312.0949792480469
113,3.7666666666666666,1,u-shape,0.8400251582132598,0.008340644873046874,10.117205752940283,0.1870801767700195,312.5258197021484
114,3.8,1,u-shape,0.8443623889569247,0.006891743212890625,10.095617232526093,0.17088483249511718,312.67561645507817
115,3.8333333333333335,1,u-shape,0.8462432313632836,-0.0013670698303222656,10.92050771613665,0.15298242474365234,313.13609130859373
116,3.8666666666666667,1,u-shape,0.8472771848123902,-0.004837853631591797,11.118777862413094,0.13672832132568358,313.481552734375
117,3.9,1,u-shape,0.8474393498629129,-0.00710255083618164,11.19801915582455,0.1209372483642578,313.65212890625
118,3.933333333333333,1,u-shape,0.8471296570582626,-0.01138198237915039,11.566465172780298,0.10425963763427734,313.8999884033203
119,3.966666666666667,1,u-shape,0.8459197312683181,-0.015632559924316405,11.860611538187966,0.08787708399658202,314.30919067382814
120,4.0,1,u-shape,0.8417132682297848,-0.01693372280883789,11.90034701744909,0.07788592738037109,316.35191711425784
121,4.033333333333333,1,u-shape,0.8370286367370119,-0.015408875744628906,11.710124541560374,0.06783222749023438,318.48615173339846
122,4.066666666666666,1,u-shape,0.8340700633297023,-0.015205688940429687,11.669541265068718,0.056381973083496094,320.01943054199216
123,4.1,1,u-shape,0.8338343205634356,-0.017581597546386718,11.908318701982319,0.04175241806640625,320.1148901367187
124,4.133333333333334,1,u-shape,0.8344799799829417,-0.019815338458251952,12.126072816635423,0.02732626008300781,319.87660827636716
125,4.166666666666667,1,u-shape,0.8361221432531367,-0.020189336724853516,12.167850522457913,0.010878745532226562,319.01222229003906
126,4.2,1,u-shape,0.8363542237128139,-0.022412093145751953,12.449263707708292,0.0,318.7680987548828
127,4.233333333333333,1,u-shape,0.8352176684959827,-0.024856957025146485,12.701477834263533,0.0,318.9402252197266
128,4.266666666666667,1,u-shape,0.8296079187522474,-0.03119432506713867,13.347532621102832,0.0,320.2120275878906
129,4.3,1,u-shape,0.8215756575770158,-0.037937541143798825,13.969767976990797,0.0,322.4848858642578
130,4.333333333333333,1,u-shape,0.8135320409742102,-0.04655027553710937,14.73915890473944,0.0,324.3102868652344
131,4.366666666666666,1,u-shape,0.807775696648216,-0.05521152038574218,15.546661434274405,0.0,325.97022399902346
132,4.4,1,u-shape,0.8049689825900855,-0.061277429595947265,16.115226871223957,0.0,326.8458386230469
133,4.433333333333334,1,u-shape,0.8016417942548238,-0.06719029173583985,16.639881022009522,0.0,328.42771606445314
134,4.466666666666667,0,no plausible parallel pair,0.0,0.0,0.0,0.0,0.0
135,4.5,0,no plausible parallel pair,0.0,0.0,0.0,0.0,0.0
136,4.533333333333333,0,no plausible parallel pair,0.0,0.0,0.0,0.0,0.0
137,4.566666666666666,0,no plausible parallel pair,0.0,0.0,0.0,0.0,0.0
138,4.6,0,no plausible parallel pair,0.0,0.0,0.0,0.0,0.0
139,4.633333333333334,0,no plausible parallel pair,0.0,0.0,0.0,0.0,0.0
140,4.666666666666667,0,not enough side rail candidates,0.0,0.0,0.0,0.0,0.0
141,4.7,1,u-shape,0.8092511453759509,-0.09258538370361327,16.779667673531087,0.0,330.33827819824216
142,4.733333333333333,1,u-shape,0.8059734065880456,-0.09714431535644531,16.8369319795194,0.0,331.23472900390624
143,4.766666666666667,0,not enough side rail candidates,0.0,0.0,0.0,0.0,0.0
144,4.8,0,no plausible parallel pair,0.0,0.0,0.0,0.0,0.0
145,4.833333333333333,0,no plausible parallel pair,0.0,0.0,0.0,0.0,0.0
146,4.866666666666666,0,no plausible parallel pair,0.0,0.0,0.0,0.0,0.0
147,4.9,1,u-shape,0.7758705881071164,-0.12087297069702148,17.306796060342922,0.0,340.11212890625006
148,4.933333333333334,0,no plausible parallel pair,0.0,0.0,0.0,0.0,0.0
149,4.966666666666667,1,u-shape,0.8003804188027704,-0.11212873775634764,16.445160866553383,0.0,334.3977416992187
150,5.0,1,u-shape,0.8025115784556386,-0.11111932084960936,16.304317243258,0.0,333.9439044189453
151,5.033333333333333,1,u-shape,0.7878016328942694,-0.1183307180053711,16.9032053050209,0.0,337.21916137695314
152,5.066666666666666,1,u-shape,0.8162835996797654,-0.1042602683227539,15.819899736863793,0.0,330.8308984375
153,5.1,1,u-shape,0.8300906433079909,-0.09756382830810546,15.414278707811446,0.0,326.8485137939453
154,5.133333333333334,1,u-shape,0.8529563502379071,-0.08612282399902343,14.479297527636469,0.0,321.20476501464844
155,5.166666666666667,1,u-shape,0.8689650989664496,-0.0766546132446289,13.756509834357828,0.0,317.5200592041016
156,5.2,1,u-shape,0.8707780018022856,-0.07318866472167969,13.513809307540596,0.0,317.13877990722654
157,5.233333333333333,1,u-shape,0.870183845461726,-0.0723802797668457,13.50347010868685,0.0,317.7154986572266
158,5.266666666666667,1,u-shape,0.8742803319309741,-0.06381074753417969,12.857975397359365,0.0,316.2500854492188
159,5.3,1,u-shape,0.87655957690301,-0.05781242710571289,12.556894682398424,0.0,315.5391107177735
160,5.333333333333333,1,u-shape,0.8776981165020743,-0.0527128903137207,12.372240518229292,0.0,315.53028747558596
161,5.366666666666666,1,u-shape,0.8747783160289726,-0.053248712731933594,12.667084416705787,0.0,317.6715069580078
162,5.4,1,u-shape,0.8809454197660351,-0.03891463526611328,11.797347764788814,0.0,315.0523986816406
163,5.433333333333334,1,u-shape,0.8854806735150832,-0.027704620611572264,11.185857150236473,0.0,313.8316455078125
164,5.466666666666667,1,u-shape,0.8843405195557638,-0.025978741595458984,11.414090482621276,0.0,314.414560546875
165,5.5,1,u-shape,0.8934453243571336,-0.00472511806640625,9.97322707281658,0.0,312.2013336181641
166,5.533333333333333,1,u-shape,0.8942924859061369,0.002824906243896484,9.698425510681265,0.0,312.19658142089844
167,5.566666666666666,1,u-shape,0.8953797409065931,0.014394097985839844,9.222519273764595,0.0,311.4391302490235
168,5.6,1,u-shape,0.8948002101202766,0.02656995948486328,8.71795953951262,0.0,311.4523565673828
169,5.633333333333334,1,u-shape,0.8922232550589115,0.026645694659423826,9.378402119835265,0.0,312.44214599609376
170,5.666666666666667,1,u-shape,0.893283690619166,0.0434662614440918,8.618254145578831,0.0,311.3560729980469
171,5.7,1,u-shape,0.8939211850417077,0.05918890470581054,7.927431737608552,0.0,311.2971411132812
172,5.733333333333333,1,u-shape,0.8927749006279571,0.07098283177490233,7.672506025953434,0.0,310.90714965820314
173,5.766666666666667,1,u-shape,0.8934170317906215,0.09364336362304687,6.443576128969852,0.0,310.96580383300784
174,5.8,1,u-shape,0.8937210877927776,0.10897818602905272,5.8488600321284085,0.0,310.64501098632815
175,5.833333333333333,1,u-shape,0.8910459103826907,0.11250520621948241,6.4379574446051535,0.0,311.1384106445313
176,5.866666666666666,1,u-shape,0.8915367564548549,0.13789399130249022,4.984328838131443,0.0,311.0288848876953
177,5.9,1,u-shape,0.8920039079701247,0.15341344776000976,4.385975665557798,0.0,310.6559539794922
178,5.933333333333334,1,u-shape,0.8916255205406785,0.16985812421264648,3.792226467370514,0.0025089838745117185,310.486083984375
179,5.966666666666667,1,u-shape,0.8907484790147401,0.18259135665283202,3.466165616186425,0.0037928553833007812,310.83973571777346
180,6.0,1,u-shape,0.8887501552088728,0.19498354429931639,3.226006560070092,0.00494459765625,311.12876892089844
181,6.033333333333333,1,u-shape,0.8884803224796118,0.2120667402770996,2.456175085120084,0.008147233740234374,311.22315979003906
182,6.066666666666666,1,u-shape,0.8859704551181016,0.22405413103637695,2.208165793771671,0.009093792028808593,312.27363342285156
183,6.1,1,u-shape,0.8847252719790313,0.23756857626953123,1.8085670705751964,0.010941288806152343,313.4860693359375
184,6.133333333333334,1,u-shape,0.8837298769829738,0.2501706780639648,1.46128364770596,0.012382096630859374,313.5128173828125
185,6.166666666666667,1,u-shape,0.8838603911759757,0.2630894905883789,1.0679834261398566,0.014010113818359374,313.22955444335935
186,6.2,1,ok,0.7107146718912924,0.24656883281455605,2.201938941783961,0.0,241.51166343278004
187,6.233333333333333,1,ok,0.8673278748886115,0.2979058086693959,2.3943244138453856,0.0,289.4912944524794
188,6.266666666666667,1,ok,0.8719747010926451,0.30660356647540565,2.249475683609235,0.0,288.03824010412444
189,6.3,1,ok,0.8794363099881537,0.3200318284362488,1.8259946474147712,0.0,290.194907814476
190,6.333333333333333,1,ok,0.9070796767554806,0.25591476664975216,1.467185783432975,0.0,277.8254347891194
191,6.366666666666666,1,u-shape,0.829459870548972,0.3736195381713867,-4.723910800611243,0.0,326.4282794189453
192,6.4,1,ok,0.9043452730871925,0.2779793828644105,0.686409283648795,0.0,276.4477734961598
193,6.433333333333334,1,ok,0.8678403471876085,0.36352161726171683,0.4835855602025397,0.0,292.8300912377134
194,6.466666666666667,1,ok,0.8465862805861655,0.37126212036246603,-1.4810846839277192,0.0,297.4955051802434
195,6.5,1,ok,0.8434915528672803,0.38251987271339233,-1.7467592311819804,0.0,298.049500316864
196,6.533333333333333,1,ok,0.8801012599394664,0.3245948871154843,1.2622718808877613,0.0,272.11906393552954
197,6.566666666666666,1,ok,0.9072602019017085,0.3267907654087593,-0.6729395601619763,0.0,276.3450701118011
198,6.6,1,ok,0.8892746569345757,0.33945362543857743,0.6819419250038902,0.0,270.201604251568
199,6.633333333333334,1,ok,0.8996802115307475,0.3395711559318719,-1.3218757872122924,0.0,274.1584187695356
200,6.666666666666667,1,ok,0.8836192613642525,0.3502298799042486,0.15977830466418091,0.0,267.75532058943315
201,6.7,1,ok,0.8797677957557057,0.3509475386009807,-1.906485719437544,0.0,273.9153958945527
202,6.733333333333333,1,ok,0.8787641298931347,0.3641322965918124,-0.6250157088792458,0.0,264.05164894596896
203,6.766666666666667,1,ok,0.809984976891854,0.38192789806896704,-3.0406935993042987,0.0,250.4154979772514
204,6.8,1,ok,0.8720955242618574,0.37150981302788516,-0.9628137922642386,0.0,268.58285914160325
205,6.833333333333333,1,ok,0.847355081805735,0.4519960585555685,-2.838539456551014,0.0,290.6234090810388
206,6.866666666666666,1,ok,0.8792852980699319,0.37022660746664365,-3.210889504862558,0.0,275.26121302923025
207,6.9,1,ok,0.883774567632732,0.37902020790472285,-1.9066370932194439,0.0,271.3059223560243
208,6.933333333333334,1,ok,0.8410356711949812,0.4645270466384354,-3.6293270401612623,0.0,293.7514952827582
209,6.966666666666667,1,ok,0.8234316808392534,0.47164085727539967,-4.007789148624447,0.0006737855224609375,295.6457029262582
210,7.0,1,ok,0.8664330804130949,0.3950067316692359,-2.7262808895201016,0.006277294964599609,273.1625829089593
211,7.033333333333333,1,ok,0.818457694711223,0.48011828078431545,-4.530187254688013,0.007807240093994141,296.9407551870337
212,7.066666666666666,1,ok,0.8673347208945603,0.398590564551753,-3.223088644068274,0.0,272.01847631140583
213,7.1,1,ok,0.8767575888477201,0.40063270138273915,-3.4548338186732463,0.009279634899902344,274.7698584048187
214,7.133333333333334,1,ok,0.8127014085065997,0.487915785839315,-7.517037307852494,0.013136610278320311,296.7413023504669
215,7.166666666666667,1,ok,0.8088011062910536,0.4889960285255325,-5.473400558422066,0.007639109057617187,295.9123806472599
216,7.2,1,ok,0.8100038703312404,0.487261272752563,-5.629288459650864,0.023158933416748045,295.94054739261355
217,7.233333333333333,1,ok,0.8602489771843583,0.4043838378922648,-6.288988476257727,0.012900364886474608,279.6513274825654
218,7.266666666666667,1,ok,0.8585215898972003,0.40738864056743873,-6.631861196954096,0.019261015844726562,279.9445475544966
219,7.3,1,ok,0.8686789964975868,0.4092234011899136,-6.806565546241155,0.028043563110351562,278.46471461401154
220,7.333333333333333,1,ok,0.8129702837192486,0.5014479470680895,-6.802616664239506,0.03335669306640625,294.0041546367755
221,7.366666666666666,1,ok,0.835981052540669,0.4160793856162969,-7.285890133571021,0.04775536354370117,282.45266510060685
222,7.4,1,ok,0.8537274497998892,0.41695897427462986,-7.47471700288023,0.04167416013793945,281.7068655732339
223,7.433333333333334,1,ok,0.8378831213749773,0.4163651133396351,-7.704498780263291,0.05183775749511718,281.38984392239934
224,7.466666666666667,1,ok,0.8380608871479364,0.41633818300974273,-7.966110205139518,0.054575628729248045,280.84113098672094
225,7.5,1,ok,0.852049490238432,0.4168645627686008,-8.106416140373131,0.05061290791625976,280.44815441307844
226,7.533333333333333,1,ok,0.8433520437491826,0.4203771652664385,-8.567288458424938,0.05326132650146484,283.1889579153941
227,7.566666666666666,1,ok,0.7949637250073716,0.5148270926700087,-8.421788778570619,0.05584988223876953,297.10050069884664
228,7.6,1,ok,0.8361335617969193,0.41850642111776504,-9.007610061131018,0.04696395462036133,281.1047402989341
229,7.633333333333334,1,ok,0.8246018279390205,0.4177229628303507,-9.116360925538132,0.0,281.9232194379474
230,7.666666666666667,1,ok,0.8333572663556704,0.42067785641235583,-9.646089422207274,0.06653700358886719,283.85958235924
231,7.7,1,ok,0.8343808914122793,0.4195119792323302,-9.755961931335262,0.06949608880615234,283.66117894865226
232,7.733333333333333,1,ok,0.8163546364533066,0.41566807514615645,-9.956137667445116,0.0829211339477539,284.1967775846499
233,7.766666666666667,1,ok,0.8152959676432354,0.41946701983783835,-10.060819500168208,0.06726129674682617,285.85134738956253
234,7.8,1,ok,0.8082970582657197,0.4178059884457886,-10.2876571897802,0.09931094050292968,286.5212632390624
235,7.833333333333333,1,ok,0.8086911181210967,0.42079694788970173,-10.623639267780254,0.08149556776123046,288.6956532307527
236,7.866666666666666,1,ok,0.8192221252582529,0.4180831808244742,-10.974380211265435,0.09293720275878906,286.81529005774314
237,7.9,1,ok,0.8116436592482699,0.41652951650422215,-11.168913534198696,0.0884585262145996,287.0588976526021
238,7.933333333333334,1,ok,0.8093545077887648,0.4158984187989753,-11.320181234149695,0.08783782363891601,286.7338324447555
239,7.966666666666667,1,ok,0.8125123167670525,0.4119563647532951,-11.408262455130783,0.10563301434936523,287.7173549662474
240,8.0,1,ok,0.8155264260712289,0.4176048152615179,-11.66654037793611,0.008398195196533202,285.8508644647152
241,8.033333333333333,1,ok,0.8110141559805415,0.40894013944995106,-12.155001083751314,0.11041184605102539,287.61642424161255
242,8.066666666666666,1,ok,0.7303891107662224,0.45086247411546304,-12.36910630797009,0.1004810778564453,238.16155908886856
243,8.1,1,ok,0.7506906108043282,0.4950916709565726,-12.38324957675833,0.1278192159057617,301.8294974835886
244,8.133333333333333,1,ok,0.7818339289658173,0.3964902139872069,-13.114384331672747,0.12350241607055663,289.0772050802366
245,8.166666666666666,1,ok,0.7863689803325505,0.39743926616468167,-13.239836625220505,0.10652070838012695,290.2283166140094
246,8.2,1,ok,0.7806092661430772,0.4010885148725783,-13.775527062592468,0.023919806506347657,292.3062299341858
247,8.233333333333333,1,ok,0.7875760425009809,0.37738197890962183,-14.173473122397061,0.14146605316162109,291.3962600864396
248,8.266666666666667,1,ok,0.770469373533297,0.38854066318498776,-14.565943693184895,0.01910513067626953,292.082689735936
249,8.3,1,ok,0.7808132745397462,0.38407607478269906,-14.842933198833599,0.07036480962524413,291.4726795417879
250,8.333333333333334,1,ok,0.7862176722931304,0.37987728025833184,-15.114486930748972,0.06450408439941406,292.4159486944234
251,8.366666666666667,1,ok,0.7891883407708024,0.3723354122170543,-15.398184293724595,0.06614450512695312,291.07194639304197
252,8.4,1,ok,0.7769143590169296,0.36394027941246815,-15.671795654701123,0.08328919323120117,291.8757544599635
253,8.433333333333334,1,ok,0.7852790253803991,0.36334867898057094,-15.901332098849066,0.07101483921508789,292.61165570289415
254,8.466666666666667,1,ok,0.7679605630953602,0.34243963891583273,-16.39477356638999,0.14538094676513671,296.509377633629
255,8.5,1,ok,0.778254413735099,0.3589126235463976,-16.36232730709839,0.0718598041015625,295.28194349814294
256,8.533333333333333,1,ok,0.7681340702595352,0.3353781132185284,-16.670298646121786,0.15237176062622068,296.4373235305774
257,8.566666666666666,1,ok,0.7247965678426116,0.38274054155664095,-16.61445001957908,0.1427749945373535,244.2516367421564
258,8.6,1,ok,0.7711616621105939,0.33359278697745876,-16.7261134817927,0.16906004050292966,295.98288413317175
259,8.633333333333333,1,ok,0.7620058766012047,0.3567213489993477,-16.692413247996818,0.0883349638305664,296.5451358902329
260,8.666666666666666,1,ok,0.7708431523589682,0.3358486591322558,-16.716447395170757,0.1523175214172363,295.9078365333569
261,8.7,1,ok,0.7748160121076216,0.3314524671249213,-16.811605680170416,0.16050049417114257,294.9503084978302
262,8.733333333333333,1,ok,0.7736178260294375,0.33061904245760615,-16.975359873785607,0.15756816065673826,295.0590670739813
263,8.766666666666667,1,ok,0.762386133743083,0.33289789405000225,-16.83308344113951,0.1380779421081543,298.12401327214127
264,8.8,1,ok,0.7714440897017154,0.3266711074221247,-17.06635049253515,0.15355246201171874,296.37482663637104
265,8.833333333333334,1,ok,0.7696593974650028,0.35054764332233124,-17.09933949541121,0.06420534829101562,297.3154053597809
266,8.866666666666667,1,ok,0.7608289204302467,0.3276748837776664,-17.104825241182603,0.14257837740478516,298.93756510463254
267,8.9,1,ok,0.7554037047871539,0.3456510678404729,-17.20885585418332,0.07809867962646484,298.56222887894876
268,8.933333333333334,1,ok,0.7617987645762421,0.3438144470515009,-17.338176458702677,0.06620463076171874,298.2616980670128
269,8.966666666666667,1,ok,0.765679200460845,0.33955211559970716,-17.571813661592067,0.05945100832519531,297.91599480321787
270,9.0,1,ok,0.765585853289789,0.33626951464011867,-17.762329929650164,0.058415890863037105,297.82888142641696
271,9.033333333333333,1,ok,0.7642290797758492,0.3330305739743242,-17.865658430526768,0.054908632244873044,298.592440549181
272,9.066666666666666,1,ok,0.7570593826973081,0.32900808075822796,-18.06462750235147,0.062213213623046874,298.40675649839255
273,9.1,1,ok,0.7596620825576166,0.32658830260411637,-18.15094762971883,0.05486479939575195,299.1175063351891
274,9.133333333333333,1,ok,0.7561464825723083,0.32405718197395383,-18.288590968153123,0.05395839494018555,300.68856086255215
275,9.166666666666666,1,ok,0.749722778594993,0.30609299702125903,-18.39559592900406,0.11560130850830078,300.27510680354476
276,9.2,1,ok,0.7424674665027079,0.3614474265324892,-18.55204456393495,0.05169332983398437,248.84129919961111
277,9.233333333333333,1,ok,0.7325375164749824,0.33246283032317514,-19.06950252513281,0.1581354123840332,252.8736362676393
278,9.266666666666667,1,ok,0.7415849651747649,0.33239534036184465,-19.168938241108805,0.14591424642944334,252.73438906293165
279,9.3,1,ok,0.7430374809496214,0.3543633849738468,-19.39834149099195,0.05539641722412109,250.9566283676852
280,9.333333333333334,1,ok,0.7449010872028052,0.35302807469822245,-19.707295667084143,0.05552444698486328,252.61525685005478
281,9.366666666666667,1,ok,0.745351731733532,0.3499189053259823,-19.73632142152147,0.05568837343139648,252.7009547097524
282,9.4,1,ok,0.7420486151136633,0.32398585573797634,-19.90749666902001,0.14101258814697265,251.35153678554138
283,9.433333333333334,1,ok,0.74237409197524,0.34603347260855727,-19.8913848328625,0.056006135308837884,250.95060117357042
284,9.466666666666667,1,ok,0.7422640810878087,0.3447810234926827,-20.00163928617205,0.05605228068237304,251.25178574787378
285,9.5,1,ok,0.7430058223154236,0.34502998577776783,-20.04714862483697,0.05605228068237304,251.721327554391
286,9.533333333333333,1,ok,0.7440646052966836,0.29892390255890144,-20.07507942536241,0.057081248931884765,303.2934410515887
287,9.566666666666666,1,ok,0.7404418807519105,0.34584167458645854,-20.0001719351741,0.057081248931884765,250.92114820902322
288,9.6,1,ok,0.7383974805397043,0.2827904397413058,-20.038580302752738,0.12270617186889647,303.6489573474273
289,9.633333333333333,1,ok,0.7430432704785754,0.30032695339069865,-20.00381383321016,0.057035103558349606,303.91005696603713
290,9.666666666666666,1,ok,0.7419237913841514,0.3465167174626108,-19.9739170391067,0.05550620957641601,251.70173606250876
291,9.7,1,ok,0.7414506117134939,0.2826809829602956,-19.960350925976723,0.12552224847412108,303.259371054918
292,9.733333333333333,1,ok,0.7423746913567921,0.3461815049081147,-19.920789945927748,0.057071105358886716,251.32210305478372
293,9.766666666666667,1,ok,0.7405735066166883,0.34591857614694255,-19.975103244467284,0.0585337244934082,250.68174290377783
294,9.8,1,ok,0.7421979390515621,0.34489937155518124,-19.99730255005143,0.05448754257202148,251.68807163170834
295,9.833333333333334,1,ok,0.7329307788674094,0.28461238327003546,-20.176777992663208,0.10622827915649413,303.02671840896005
296,9.866666666666667,1,ok,0.7399580233150581,0.3394514227693339,-20.239524696084313,0.055847412042236325,251.96403879113598
297,9.9,1,ok,0.7289402846481987,0.3363234503875518,-20.37972583149609,0.06924165856323242,251.7359285389524
298,9.933333333333334,1,ok,0.7395271649054376,0.333354770217112,-20.501497922353426,0.05134571536865234,251.13486186517048
299,9.966666666666667,1,ok,0.7419771897478503,0.33040326941895803,-20.60575028389442,0.048899379882812496,252.53284469706045
300,10.0,1,ok,0.7421151169435505,0.32722532173404617,-20.79203905804004,0.04537235969238281,252.48910732384456
301,10.033333333333333,1,ok,0.7329294819185377,0.3230331285442577,-20.94835295331476,0.05501075122070312,252.20805233508668
302,10.066666666666666,1,ok,0.743164011993771,0.32303028702067776,-21.52484788292275,0.04421310171508789,255.61022816670754
303,10.1,1,ok,0.7435378023005018,0.31672617202923586,-21.406821567216518,0.04082798643188476,254.65148026814143
304,10.133333333333333,1,ok,0.7465199876295644,0.29560160153136505,-21.817600937255644,0.12142308872070312,257.18266345833183
305,10.166666666666666,1,ok,0.7356514950645463,0.31041481234502694,-22.107047062665032,0.056471898748779295,257.7464802010385
306,10.2,1,ok,0.7313863979481895,0.30379981330861533,-22.327400289330903,0.05400990116577148,256.0096864291932
307,10.233333333333333,1,ok,0.745959147457784,0.29924934556330435,-22.61044547731701,0.03460351162719726,257.5332236060255
308,10.266666666666667,1,ok,0.747982535083647,0.2950382631086707,-22.77920135369338,0.034842332330322266,258.61450427306403
309,10.3,1,ok,0.7470702696444737,0.2908047862832157,-22.832438425627522,0.03259976177978515,257.8146178963793
310,10.333333333333334,1,ok,0.7466548926907686,0.2857226892790924,-23.037545750220758,0.031228014343261716,258.2213553933073
311,10.366666666666667,1,ok,0.7328387948965588,0.25680643617574145,-23.139863285351115,0.13657390776367187,258.3366152044263
312,10.4,1,ok,0.7490432144715934,0.2659269674263619,-23.24908577838977,0.11395216325683594,259.3161971950107
313,10.433333333333334,1,ok,0.7295055092636937,0.28190384506822297,-23.22398179128159,0.03713336077880859,259.30112608149204
314,10.466666666666667,1,ok,0.7392986904539678,0.2707105179634036,-23.229438952036627,0.10104444033813476,258.8281096109398
315,10.5,1,ok,0.74685513024377,0.2645986058394291,-23.227157474699816,0.11516765762329101,258.6289021145542
316,10.533333333333333,1,ok,0.7152632952639668,0.21868939879667385,-23.228242993631596,0.11520707565307617,311.9725887282327
317,10.566666666666666,1,ok,0.7481710565668682,0.2832827110677701,-23.129642267971196,0.036873779913330074,258.69100371640485
318,10.6,1,ok,0.7427750724447185,0.26480728199779796,-22.98858599353626,0.12139407705078124,257.2717255500868
319,10.633333333333333,1,ok,0.7226820804582801,0.23950835946727575,-22.869028828149187,0.040427026232910154,309.10151455098196
320,10.666666666666666,1,ok,0.7391628129806237,0.27396874219639245,-22.778086486334352,0.11170801598510742,257.13654941690857
321,10.7,1,ok,0.7396926768773898,0.2779550491278395,-22.632800949192557,0.11163585471191406,258.08013394446493
322,10.733333333333333,1,ok,0.74189684936766,0.2937820189345604,-22.26210996625172,0.04621884874267578,253.87314962173855
323,10.766666666666667,1,ok,0.7429200963992133,0.2963570826489359,-21.909160174278686,0.05120654344482422,254.19739184446996
324,10.8,1,ok,0.729705508005839,0.3003637412860419,-21.742614920188927,0.06874635787963866,253.21873291532899
325,10.833333333333334,1,ok,0.7421109580536032,0.30535392413407214,-21.47672671529804,0.05698696100463867,252.70904549021122
326,10.866666666666667,1,ok,0.744577719087776,0.312162669584489,-21.24403330980865,0.06203951150512695,253.83357354830406
327,10.9,1,ok,0.7307577085455587,0.3151427258862598,-20.935403114692594,0.08019041051635742,252.1728718182361
328,10.933333333333334,1,ok,0.7425410159028679,0.3251167370382907,-20.6426361462383,0.06896142265014649,251.6903479261017
329,10.966666666666667,1,ok,0.7332500779719371,0.30881351168819005,-20.319912906886675,0.14089890654907225,252.7831158216759
330,11.0,1,ok,0.7439100981082989,0.3404132842424993,-20.045671984844983,0.0773946210571289,251.43505331274076
331,11.033333333333333,1,ok,0.7285287310741457,0.30524325364410343,-19.32445524340742,0.19476858464355468,250.71467824799686
332,11.066666666666666,1,ok,0.7596410684219354,0.27894262098277495,-19.016439457960153,0.16918628331298827,298.29160616417334
333,11.1,1,ok,0.7611605106183658,0.31404099156035503,-18.74101910826726,0.09599719813232421,298.5051711438563
334,11.133333333333333,1,ok,0.7691157975959186,0.3217469694561492,-18.26214137094852,0.09985317492065429,296.7270881349019
335,11.166666666666666,1,ok,0.769510513682262,0.3296659873962178,-17.590390316942443,0.10557451799316406,296.3997454065778
336,11.2,1,ok,0.7644289343821878,0.3166210903940999,-17.25811256104694,0.17625882388916014,295.0481958149755
337,11.233333333333333,1,ok,0.7772588585705648,0.3248715272557841,-16.921529603882014,0.1791591499633789,292.5084491648648
338,11.266666666666667,1,ok,0.7888476095069645,0.35715492840990903,-16.530201346208766,0.10129230090942382,290.3569254881006
339,11.3,1,ok,0.8001509586804423,0.3394931865294218,-15.745316460788498,0.18401098385620115,285.8115828076011
340,11.333333333333334,1,ok,0.7969860697437372,0.37436703890320505,-15.23355275644911,0.09466733892211913,286.6909810818979
341,11.366666666666667,1,ok,0.8073484736906863,0.35603738604664487,-14.767744986624516,0.19727777874755859,285.0155084703184
342,11.4,1,ok,0.8108053943577022,0.39086478369495964,-14.356350747574497,0.1015399512512207,284.3668420201144
343,11.433333333333334,1,ok,0.8131058058811779,0.3760033473352518,-13.95564631535353,0.19489472233886718,284.45070991006156
344,11.466666666666667,1,ok,0.8084523255943193,0.38670027877226015,-13.271002939463258,0.1814875992614746,283.43934418485526
345,11.5,1,ok,0.8204268903391441,0.3917452716339153,-12.758458637608593,0.19064703544921874,282.2455745530159
346,11.533333333333333,1,ok,0.8146808257338047,0.4024115240590422,-12.41540829831204,0.17624137484130858,281.7692464171017
347,11.566666666666666,1,ok,0.8091539484054406,0.40425914946375535,-12.053673868837746,0.20216960880126952,282.34117498225146
348,11.6,1,ok,0.8259486656987765,0.41438192700445076,-11.60984057610724,0.18918425864257812,282.83430292205395
349,11.633333333333333,1,ok,0.7763831182908618,0.5184677233176467,-10.793147716559211,0.17624841752929687,294.15667798742413
350,11.666666666666666,1,ok,0.8334139666323688,0.4263181667934727,-10.709427858509827,0.1756713375732422,278.1266040869682
351,11.7,1,ok,0.833112737356201,0.4507884151499911,-10.476870387120954,0.07878949373779297,278.8946533889136
352,11.733333333333333,1,ok,0.8340064421308981,0.4379926659640637,-10.14673991956081,0.18130858884887693,280.48424392395356
353,11.766666666666667,1,ok,0.8294568288533943,0.44691700276615004,-9.927754366633252,0.16922396694946287,279.5743446552136
354,11.8,1,ok,0.8294277815117229,0.4518016483126853,-9.56056113252729,0.17151215729980468,281.2451992992416
355,11.833333333333334,1,ok,0.8225352851029814,0.45379735100587476,-9.214814830324787,0.18827880021972654,280.76064584695337
356,11.866666666666667,1,ok,0.8411669935252044,0.46165292501837635,-8.962901446133136,0.1782307765258789,280.0313503561693
357,11.9,1,ok,0.8374589251584947,0.46888732933298055,-8.539129602452304,0.16748815458984373,278.0503496148228
358,11.933333333333334,1,ok,0.8386119731431498,0.47279466637085915,-8.061172559587218,0.17686912010498046,276.3851754391924
359,11.966666666666667,1,ok,0.8405751859805763,0.4800439473872685,-7.667196250645884,0.1723840315612793,276.569266469201
360,12.0,1,ok,0.8353366530600742,0.4884463752824313,-7.252679222517526,0.16625289865112303,276.39348059451424
361,12.033333333333333,1,ok,0.8430203670484973,0.4967989777282807,-6.870294547200412,0.17318710822143554,276.76728462622646
362,12.066666666666666,1,ok,0.827774395786932,0.5043865237063097,-6.473335504241048,0.17903469410400388,276.248891710105
363,12.1,1,ok,0.8302372575891591,0.5237207776476274,-5.997637608823339,0.05467911419677734,276.28274388775355
364,12.133333333333333,1,ok,0.8451308617656068,0.5216339684558601,-5.5384204714326,0.16739307830200195,276.24379741393057
365,12.166666666666666,1,ok,0.8418041953203024,0.52945475401808,-4.882971080441069,0.16356453646240232,273.5255470197826
366,12.2,1,ok,0.8415887868260541,0.5414619062099643,-4.8137014920027985,0.1581889157897949,276.2998825339009
367,12.233333333333333,1,ok,0.8408886264376418,0.5488781850918062,-4.1479127647959215,0.16111094805908202,272.5468192069944
368,12.266666666666667,1,ok,0.8389910419692765,0.5587585570740935,-3.7255031077012197,0.15668214846191406,272.7701911289781
369,12.3,1,ok,0.8426354591218189,0.5660519640407158,-3.2055913296290597,0.15360339010620117,273.64680976885893
370,12.333333333333334,1,ok,0.8454328241000247,0.5733407124463327,-2.770984783685982,0.1499530703186035,273.7910585686652
371,12.366666666666667,1,ok,0.8440769655839228,0.5814210660902938,-2.480894538384157,0.14531535516357422,273.64934378372993
372,12.4,1,ok,0.8263474640857343,0.5883015106276882,-2.1295165085758607,0.1421224421936035,272.1030532772314
373,12.433333333333334,1,ok,0.8431529395218437,0.5961754143982293,-1.9357959997501473,0.13911757950439452,273.8119605574947
374,12.466666666666667,1,ok,0.839675568383944,0.6016502903329438,-1.5973911883926104,0.13748635631713865,275.8519745330226
375,12.5,1,ok,0.8393553110744085,0.6027739182745998,-0.9550165194990804,0.13590374869995117,271.4262140814009
376,12.533333333333333,1,ok,0.8097485706880494,0.6095429089025507,-1.197812785744279,0.13185709376220703,275.22168751872346
377,12.566666666666666,1,ok,0.818941412187888,0.6088597015447249,-0.7797179629381683,0.1329796141357422,271.5773932985521
378,12.6,0,no plausible parallel pair,0.0,0.0,0.0,0.0,0.0
379,12.633333333333333,1,ok,0.8172813604119328,0.7128271230691909,-0.6465630417638423,0.13122204302368162,291.0482565445243
380,12.666666666666666,1,ok,0.8434491236171071,0.6168349743647891,-0.9671563983317193,0.13311479169921875,276.46770033674875
381,12.7,1,ok,0.8088541670605339,0.6160393712010095,-0.7837379314263502,0.024274358544921874,275.05092979367873
382,12.733333333333333,1,ok,0.8284883890622331,0.6158254543606229,-0.9217831868980708,0.024040846136474607,275.7958629191104
383,12.766666666666667,1,ok,0.836557795235942,0.6153157457677156,-0.966169340269379,0.02443103207397461,276.8669396857689
384,12.8,1,ok,0.8406156896320951,0.6133997193533844,-0.9914078531770388,0.1346434228942871,276.83116630387417
385,12.833333333333334,1,ok,0.783827334684778,0.6105147001709973,-0.6489820697058529,0.0241183157043457,271.14178894562997
386,12.866666666666667,1,ok,0.841106195622122,0.608641130218608,-0.6372325348716978,0.13427930541381836,272.6451689712245
387,12.9,1,ok,0.8317658326176376,0.6107674775384202,-0.7916306206104832,0.0241183157043457,273.51688818804166
388,12.933333333333334,1,ok,0.8448394240712452,0.6112747928444316,-0.826792008632342,0.13427930541381836,275.0036964032033
389,12.966666666666667,1,ok,0.8415602422363097,0.6114314464521637,-0.8715945323895025,0.13487120654907225,275.54593860602495
390,13.0,1,ok,0.8354006810481587,0.6130502828290251,-1.1112714072661567,0.13594978895874021,276.3788431941132
391,13.033333333333333,1,ok,0.848010601382233,0.6124294288791313,-1.0009204021145273,0.13427930541381836,276.93269304092064
392,13.066666666666666,1,ok,0.8405454839687887,0.6120603720824146,-1.0325086233859426,0.13567580737304688,273.5746024931924
393,13.1,1,ok,0.8289328097021001,0.6126280417095685,-1.0220523411314644,0.1357669944152832,276.2852035058555
394,13.133333333333333,1,ok,0.8469799782874964,0.6120573569437877,-1.0470002204572433,0.13594978895874021,277.16606181840564
395,13.166666666666666,1,ok,0.8449336122512631,0.6127568948350887,-1.0412893964136483,0.13500796083374023,277.2682665878699
396,13.2,1,ok,0.8014402942260295,0.6123627097155575,-0.9946526117807333,0.13432492521362305,276.50448471845687
397,13.233333333333333,1,ok,0.8456011958067465,0.6120340908018037,-1.022543315120917,0.13432492521362305,275.74893304756847
398,13.266666666666667,1,ok,0.821306119182915,0.6110817953046097,-0.9495956099489105,0.1343702822265625,275.01779217156945
399,13.3,1,ok,0.8251316322328156,0.6128853777666082,-1.0394747432984308,0.13590716492919921,276.1656521866379
400,13.333333333333334,1,ok,0.8429978224878185,0.6101552421171335,-0.917834895892501,0.13432492521362305,274.15942781137085
401,13.366666666666667,1,ok,0.8461655667988564,0.6121211199494431,-1.0269739484242442,0.13594978895874021,276.755505384457
402,13.4,1,ok,0.8418091963862504,0.6107615356512787,-0.890531224813157,0.13631679709472655,274.9850740227183
403,13.433333333333334,1,ok,0.8063624739958026,0.7156961655302192,-0.8112209107224452,0.029230045806884764,291.69421714170187
404,13.466666666666667,1,ok,0.8482538553888865,0.6207163393212599,-1.0274851966549823,0.14735946907348632,277.664698013529
405,13.5,1,ok,0.8479290075542485,0.6237610972745545,-0.926258962245487,0.15324736646118164,280.04747399636915
406,13.533333333333333,1,ok,0.846875022646556,0.6258100547785774,-0.8818465782586963,0.15611505440673829,280.3838980642977
407,13.566666666666666,1,ok,0.8490396686110592,0.6266089019406852,-0.8757943375770362,0.15908775198364256,279.5172866219125
408,13.6,1,ok,0.8473581536477284,0.6270429410951743,-0.8339590185715806,0.16114426943359375,278.6770424315089
409,13.633333333333333,1,ok,0.8419219378703025,0.6304655331584335,-1.0708926719514453,0.16497391497802733,281.8820312539492
410,13.666666666666666,0,no plausible parallel pair,0.0,0.0,0.0,0.0,0.0
411,13.7,0,no plausible parallel pair,0.0,0.0,0.0,0.0,0.0
412,13.733333333333333,1,ok,0.8426286732794979,0.6443361174431139,-1.470600359679215,0.18190900427856443,277.98125385437993
413,13.766666666666667,1,ok,0.8035520922244714,0.6531859686554499,-1.7992747056710139,0.1858956912536621,281.7275292882905
414,13.8,1,ok,0.8374462028028002,0.6588351035945034,-1.789792365019803,0.19209152229003906,280.2626233684716
415,13.833333333333334,0,no plausible parallel pair,0.0,0.0,0.0,0.0,0.0
416,13.866666666666667,1,ok,0.8269397935750957,0.6768423818438918,-2.242267052078088,0.20403691970825194,283.24643462560914
417,13.9,0,no plausible parallel pair,0.0,0.0,0.0,0.0,0.0
418,13.933333333333334,0,no plausible parallel pair,0.0,0.0,0.0,0.0,0.0
419,13.966666666666667,0,no plausible parallel pair,0.0,0.0,0.0,0.0,0.0
420,14.0,0,no plausible parallel pair,0.0,0.0,0.0,0.0,0.0
421,14.033333333333333,0,no plausible parallel pair,0.0,0.0,0.0,0.0,0.0
422,14.066666666666666,0,no plausible parallel pair,0.0,0.0,0.0,0.0,0.0
423,14.1,0,no plausible parallel pair,0.0,0.0,0.0,0.0,0.0
424,14.133333333333333,0,no plausible parallel pair,0.0,0.0,0.0,0.0,0.0
425,14.166666666666666,0,no plausible parallel pair,0.0,0.0,0.0,0.0,0.0
426,14.2,0,no plausible parallel pair,0.0,0.0,0.0,0.0,0.0
427,14.233333333333333,0,no plausible parallel pair,0.0,0.0,0.0,0.0,0.0
428,14.266666666666667,0,no plausible parallel pair,0.0,0.0,0.0,0.0,0.0
429,14.3,0,no plausible parallel pair,0.0,0.0,0.0,0.0,0.0
430,14.333333333333334,0,no plausible parallel pair,0.0,0.0,0.0,0.0,0.0
431,14.366666666666667,0,no plausible parallel pair,0.0,0.0,0.0,0.0,0.0
432,14.4,0,no plausible parallel pair,0.0,0.0,0.0,0.0,0.0
433,14.433333333333334,0,no plausible parallel pair,0.0,0.0,0.0,0.0,0.0
434,14.466666666666667,0,no plausible parallel pair,0.0,0.0,0.0,0.0,0.0
435,14.5,0,no plausible parallel pair,0.0,0.0,0.0,0.0,0.0
436,14.533333333333333,0,no plausible parallel pair,0.0,0.0,0.0,0.0,0.0
437,14.566666666666666,0,no plausible parallel pair,0.0,0.0,0.0,0.0,0.0
438,14.6,0,no plausible parallel pair,0.0,0.0,0.0,0.0,0.0
439,14.633333333333333,1,ok,0.8114505529030048,0.6767499890652108,-2.7798024318717913,0.23474324956665038,267.6835437567861
440,14.666666666666666,1,ok,0.8070452301004511,0.6691959961369944,-2.7970361465653726,0.2297809400756836,269.6856954405722
441,14.7,1,ok,0.8110026983452499,0.6588776039197981,-2.8075169668322704,0.2266764286071777,266.60371072237785
442,14.733333333333333,1,ok,0.751860628647952,0.6489162579187506,-2.69731685041536,0.22353312979736326,267.1437774174889
443,14.766666666666667,1,ok,0.8178175350769438,0.6418403312260308,-2.8299495547311166,0.222429530078125,268.38392213241923
444,14.8,1,ok,0.8134013511631086,0.6282362420866004,-2.4025731715897947,0.21924754904174804,267.3152542093394
445,14.833333333333334,1,ok,0.8200628224876612,0.6177080339280538,-2.5344902968611276,0.21515700869750976,270.06453753057997
446,14.866666666666667,1,ok,0.8247856805556886,0.6071282033036528,-2.732992930570323,0.21026523120117185,270.713820028804
447,14.9,1,ok,0.8336353884514038,0.5919778279852514,-2.3774721124144715,0.21106478651733399,269.22936307792145
448,14.933333333333334,1,ok,0.8299514783588914,0.5850407495259531,-2.5213550818564023,0.09081099423217773,271.9803523614446
449,14.966666666666667,1,ok,0.8239830608962944,0.6659074987724894,-2.26233849900012,0.20220519014282226,288.700592805582
450,15.0,1,ok,0.8471027140347704,0.5576239349153818,-2.4242116579188084,0.19970372197265623,271.8512579985612
451,15.033333333333333,1,ok,0.8563884062766527,0.5440146782268036,-2.0570920987701835,0.1966821985961914,272.75571372587933
452,15.066666666666666,1,ok,0.855246759302671,0.5314391973246941,-2.1182458396773,0.1889512718078613,273.2936961687892
453,15.1,1,ok,0.8601797886269099,0.5192386432440733,-2.2287956545584207,0.1860535736022949,274.5515563990316
454,15.133333333333333,1,ok,0.8622348180056794,0.5069893665638904,-2.012695200686317,0.18311992615356446,274.7632827505304
455,15.166666666666666,1,ok,0.8664615372783321,0.49376776647046305,-1.7773467418923308,0.06648565503540038,274.1944974879824
456,15.2,1,ok,0.8659713828590487,0.48040100122454193,-1.835809159737789,0.17317785812377928,275.7304167877566
457,15.233333333333333,1,ok,0.8740184085096944,0.46536290015751425,-1.6125934489826852,0.16911559364624024,275.1337165705283
458,15.266666666666667,1,ok,0.8397476841897784,0.5400432868074906,-1.2294423979341658,0.16746928649291992,292.77879149027126
459,15.3,1,ok,0.8713016007697381,0.43902614029284537,-1.2505463573960824,0.056626049523925776,273.714908478589
460,15.333333333333334,1,ok,0.8452146319168925,0.5100335087549095,-3.2982377165374688,0.1606403493408203,291.495254706933
461,15.366666666666667,1,ok,0.8903391430517354,0.41154651825663613,0.7411797533046164,0.15813073477783202,272.3510265976369
462,15.4,1,ok,0.8950545955710291,0.3988184234110873,0.6061776799052709,0.043677489526367186,274.369619008903
463,15.433333333333334,1,ok,0.8651506744359722,0.46724015708680844,-0.8236983271475774,0.1532748014099121,291.7198625544934
464,15.466666666666667,1,ok,0.9015891770700081,0.3692977858207052,-0.8322367911066383,0.1477135480957031,274.96559756094234
465,15.5,1,ok,0.8911995711297767,0.3589456578068708,0.9189440353070083,0.14257306911010742,272.3944286310804
466,15.533333333333333,1,ok,0.8931409264879515,0.34646828088370657,1.0557201771290374,0.14203545974121093,272.75325882565915
467,15.566666666666666,1,ok,0.8623044979851618,0.4091617035270169,-2.160669590656438,0.14039803478393553,291.2656439793834
468,15.6,1,ok,0.8648403005432076,0.3963622831014607,-0.1699592548201131,0.027937029315185546,289.4203167028599
469,15.633333333333333,1,ok,0.8591503357244737,0.38384554148486305,-1.9369852324170036,0.0246497758605957,289.0016188410483
470,15.666666666666666,1,ok,0.87886498531651,0.29931249029076273,0.9293343523977123,0.022961843267822264,266.6861289291412
471,15.7,1,ok,0.9028669515190473,0.2764654153635812,1.8280174782088996,0.02185745518798828,276.93666483273284
472,15.733333333333333,1,ok,0.8818760164449613,0.3386807203590563,0.5081437206583674,0.13174488377075194,290.0555356641109
473,15.766666666666667,1,ok,0.8842419191036912,0.260531656518971,0.8857566150986865,0.12780807374267578,261.33468076067555
474,15.8,1,ok,0.9102330452590686,0.23509236516004892,2.1752949349138055,0.12769171171875,273.4872835649191
475,15.833333333333334,1,ok,0.8907169717347664,0.2945871530979095,0.6998531565662128,0.12570677741088868,288.7300507787182
476,15.866666666666667,1,ok,0.8921975660762644,0.2793157886944301,0.8025891367232295,0.12323363766479492,287.9717438632256
477,15.9,1,ok,0.8991506573842503,0.2650188362492448,0.9926790913898111,0.1207850947692871,288.01406260091153
478,15.933333333333334,1,u-shape,0.8369360696813188,0.17538190411987303,4.988747543636609,0.0,317.2574822998047
479,15.966666666666667,1,u-shape,0.8368046326690096,0.15976159006347657,5.206031655897558,0.0,317.6882116699219
480,16.0,1,u-shape,0.8348063477251072,0.143342876953125,5.461537506745171,0.0,318.78012512207033
481,16.033333333333335,1,u-shape,0.8386885129288861,0.13119366204223631,5.458276091417234,0.0,318.3209161376953
482,16.066666666666666,1,u-shape,0.8414236703046075,0.11628902173461914,5.710532906654779,0.0,317.91412658691405
483,16.1,1,u-shape,0.8466025584008017,0.10294827861938476,5.772800326208983,0.0,317.0829650878906
484,16.133333333333333,1,u-shape,0.846957115055314,0.0876876672241211,5.999312877810158,0.0,317.3071252441406
485,16.166666666666668,1,u-shape,0.8487876095890311,0.07213094758911133,6.218642631727058,0.0,317.348046875
486,16.2,1,u-shape,0.8513123379641392,0.05776365386352539,6.322958403349553,0.0,317.1365264892578
487,16.233333333333334,1,u-shape,0.8532108296129628,0.042679214782714844,6.5059191074917315,0.0,317.03297302246096
488,16.266666666666666,1,u-shape,0.8568585580530568,0.027880214794921872,6.605198041489315,0.0,316.66926757812496
489,16.3,1,u-shape,0.860447497386344,0.013530948248291015,6.686259580314164,0.0,316.4140496826172
490,16.333333333333332,1,u-shape,0.8648244146515929,-0.0013746380920410155,6.789911542926848,0.0,315.84480957031246
491,16.366666666666667,1,u-shape,0.8602213215798529,-0.016420289831542968,6.872120126645174,0.0,316.53881286621095
492,16.4,1,u-shape,0.8598400201314232,-0.031152699627685545,6.9427075703802,0.0,316.38622985839845
493,16.433333333333334,1,u-shape,0.8569160804887924,-0.04532490038452148,6.967063171181258,0.0,316.9355737304688
494,16.466666666666665,1,u-shape,0.8550910204912184,-0.05997710762939453,7.067722230277691,0.0,317.0451171875
495,16.5,1,u-shape,0.8560133962114774,-0.07533000977172852,7.3466897809189415,0.0,316.2531677246094
496,16.533333333333335,1,u-shape,0.8563961285245139,-0.08984241440429687,7.584909703641668,0.0,315.75836181640625
497,16.566666666666666,1,u-shape,0.8529167921496928,-0.10351726473999023,7.6487019629277295,0.0,316.4709722900391
498,16.6,1,u-shape,0.8506372848411238,-0.11811491743164061,7.850507585872494,0.0,316.7502166748047
499,16.633333333333333,1,u-shape,0.8465540217478915,-0.13293462502441405,8.09332849477382,0.0,317.4245336914063
500,16.666666666666668,1,u-shape,0.8431377503675304,-0.1455122350830078,8.157739739953273,0.0,318.329623413086
501,16.7,1,u-shape,0.8421835154263329,-0.15897485874633788,8.43572587778838,0.0,318.09989379882813
502,16.733333333333334,1,u-shape,0.8363036903027915,-0.17389563416748047,8.73838095135265,0.0,319.0583123779297
503,16.766666666666666,1,u-shape,0.8318293797988415,-0.1874039564666748,8.890117872598067,0.0,320.0246942138672
504,16.8,1,u-shape,0.8287725121837048,-0.20092765179748534,9.091214863416605,0.0,320.53895935058597
505,16.833333333333332,1,u-shape,0.825158471822951,-0.2153070599975586,9.328805554962189,0.0,321.1512078857422
506,16.866666666666667,1,u-shape,0.8171430770397561,-0.23136126144714353,9.731341899831333,0.0,322.9101483154297
507,16.9,1,u-shape,0.8154803282593419,-0.24289986479797362,9.634410416473584,0.0,323.32740417480466
508,16.933333333333334,1,u-shape,0.8119714637120456,-0.2581307549987793,9.960160067163685,0.0,323.8375439453125
509,16.966666666666665,1,u-shape,0.8090066723056776,-0.2721909297149658,10.06183170180434,0.0,324.6675958251953
510,17.0,1,u-shape,0.8024049232865151,-0.286115085949707,10.100305303616592,0.0,326.00914794921874
511,17.033333333333335,1,u-shape,0.800860517771881,-0.29781890340270994,10.029658949499987,0.0,326.6686248779297
512,17.066666666666666,1,u-shape,0.794978761600563,-0.3109951419403076,10.167274454639628,0.0,327.9081573486328
513,17.1,1,u-shape,0.7919813084672997,-0.3260697002349853,10.583115154235275,0.0,328.37145935058595
514,17.133333333333333,1,u-shape,0.7893327175307712,-0.33979723933715816,10.955497067699344,0.0,328.4779229736328
515,17.166666666666668,1,u-shape,0.7873012790241941,-0.356615940335083,11.369000988825732,0.0,330.995849609375
516,17.2,1,u-shape,0.7772327169943142,-0.3721651705444336,11.71615303727518,0.0,332.595947265625
517,17.233333333333334,1,u-shape,0.7713058510988055,-0.3809078530426025,11.331458000287682,0.0,332.7446166992188
518,17.266666666666666,1,u-shape,0.7608943640553446,-0.3899102215209961,10.990188452259563,0.0,333.59343322753904
519,17.3,1,u-shape,0.7548507499063841,-0.39433442234802246,10.313872512309432,0.0,333.3182434082031
520,17.333333333333332,1,u-shape,0.7505211397220712,-0.3950517516540527,9.359092321282402,0.0,332.9551037597656
521,17.366666666666667,1,u-shape,0.7519836677992053,-0.3931088632446289,8.218377305617153,0.0,330.86421752929687
522,17.4,1,u-shape,0.7564511039145299,-0.38650153425598144,6.606681900086161,0.0,328.508486328125
523,17.433333333333334,1,u-shape,0.7585373421113412,-0.37848035937499996,5.061167612502896,0.0,326.5946618652344
524,17.466666666666665,0,not enough side rail candidates,0.0,0.0,0.0,0.0,0.0
525,17.5,0,not enough side rail candidates,0.0,0.0,0.0,0.0,0.0
526,17.533333333333335,0,not enough side rail candidates,0.0,0.0,0.0,0.0,0.0
527,17.566666666666666,0,not enough side rail candidates,0.0,0.0,0.0,0.0,0.0
528,17.6,0,not enough side rail candidates,0.0,0.0,0.0,0.0,0.0
529,17.633333333333333,0,not enough side rail candidates,0.0,0.0,0.0,0.0,0.0
530,17.666666666666668,0,not enough side rail candidates,0.0,0.0,0.0,0.0,0.0
531,17.7,0,not enough side rail candidates,0.0,0.0,0.0,0.0,0.0
532,17.733333333333334,0,not enough side rail candidates,0.0,0.0,0.0,0.0,0.0
533,17.766666666666666,0,not enough side rail candidates,0.0,0.0,0.0,0.0,0.0
534,17.8,0,not enough side rail candidates,0.0,0.0,0.0,0.0,0.0
535,17.833333333333332,0,not enough side rail candidates,0.0,0.0,0.0,0.0,0.0
536,17.866666666666667,0,not enough side rail candidates,0.0,0.0,0.0,0.0,0.0
537,17.9,0,not enough side rail candidates,0.0,0.0,0.0,0.0,0.0
538,17.933333333333334,0,not enough side rail candidates,0.0,0.0,0.0,0.0,0.0
539,17.966666666666665,0,not enough side rail candidates,0.0,0.0,0.0,0.0,0.0
540,18.0,0,not enough side rail candidates,0.0,0.0,0.0,0.0,0.0
541,18.033333333333335,0,not enough side rail candidates,0.0,0.0,0.0,0.0,0.0
542,18.066666666666666,0,not enough side rail candidates,0.0,0.0,0.0,0.0,0.0
543,18.1,0,not enough side rail candidates,0.0,0.0,0.0,0.0,0.0
544,18.133333333333333,0,not enough side rail candidates,0.0,0.0,0.0,0.0,0.0
545,18.166666666666668,0,not enough side rail candidates,0.0,0.0,0.0,0.0,0.0
546,18.2,0,not enough side rail candidates,0.0,0.0,0.0,0.0,0.0
547,18.233333333333334,0,not enough side rail candidates,0.0,0.0,0.0,0.0,0.0
548,18.266666666666666,0,not enough side rail candidates,0.0,0.0,0.0,0.0,0.0
549,18.3,0,not enough side rail candidates,0.0,0.0,0.0,0.0,0.0
550,18.333333333333332,0,not enough side rail candidates,0.0,0.0,0.0,0.0,0.0
551,18.366666666666667,0,not enough side rail candidates,0.0,0.0,0.0,0.0,0.0
552,18.4,0,not enough side rail candidates,0.0,0.0,0.0,0.0,0.0
553,18.433333333333334,0,not enough side rail candidates,0.0,0.0,0.0,0.0,0.0
554,18.466666666666665,0,not enough side rail candidates,0.0,0.0,0.0,0.0,0.0
555,18.5,0,not enough side rail candidates,0.0,0.0,0.0,0.0,0.0
556,18.533333333333335,0,not enough side rail candidates,0.0,0.0,0.0,0.0,0.0
557,18.566666666666666,0,not enough side rail candidates,0.0,0.0,0.0,0.0,0.0
558,18.6,0,not enough side rail candidates,0.0,0.0,0.0,0.0,0.0
559,18.633333333333333,0,not enough side rail candidates,0.0,0.0,0.0,0.0,0.0
560,18.666666666666668,0,not enough side rail candidates,0.0,0.0,0.0,0.0,0.0
561,18.7,0,not enough side rail candidates,0.0,0.0,0.0,0.0,0.0
562,18.733333333333334,0,not enough side rail candidates,0.0,0.0,0.0,0.0,0.0
563,18.766666666666666,0,not enough side rail candidates,0.0,0.0,0.0,0.0,0.0
564,18.8,0,not enough side rail candidates,0.0,0.0,0.0,0.0,0.0
565,18.833333333333332,0,not enough side rail candidates,0.0,0.0,0.0,0.0,0.0
566,18.866666666666667,0,not enough side rail candidates,0.0,0.0,0.0,0.0,0.0
567,18.9,0,not enough side rail candidates,0.0,0.0,0.0,0.0,0.0
568,18.933333333333334,0,not enough side rail candidates,0.0,0.0,0.0,0.0,0.0
569,18.966666666666665,0,not enough side rail candidates,0.0,0.0,0.0,0.0,0.0
570,19.0,0,not enough side rail candidates,0.0,0.0,0.0,0.0,0.0
571,19.033333333333335,0,not enough side rail candidates,0.0,0.0,0.0,0.0,0.0
572,19.066666666666666,0,not enough side rail candidates,0.0,0.0,0.0,0.0,0.0
573,19.1,0,not enough side rail candidates,0.0,0.0,0.0,0.0,0.0
574,19.133333333333333,0,not enough side rail candidates,0.0,0.0,0.0,0.0,0.0
575,19.166666666666668,0,not enough side rail candidates,0.0,0.0,0.0,0.0,0.0
576,19.2,1,u-shape,0.8351784415360692,-0.37606611016540525,2.6272354652967027,0.06802216983642578,301.8448663330078
577,19.233333333333334,1,u-shape,0.8350087139859563,-0.37051523693237304,2.3745084342235923,0.07059369698486327,304.43305236816406
578,19.266666666666666,1,u-shape,0.8327359824151286,-0.3663914277709961,2.257858194736518,0.0712827241455078,307.1522314453125
579,19.3,1,u-shape,0.8311843167437706,-0.36006373028564453,1.895260954143081,0.07267412803955078,309.8157165527344
580,19.333333333333332,1,u-shape,0.8287189654271965,-0.35453443185424804,1.6147851056343663,0.074296784375,312.6613739013672
581,19.366666666666667,1,u-shape,0.827369193212275,-0.34850762532958984,1.2960040621650852,0.07543402081298828,315.4982037353516
582,19.4,1,u-shape,0.8242898041818256,-0.34135664287414547,0.8812859681922989,0.07691519270019531,318.6919250488281
583,19.433333333333334,1,u-shape,0.8202153852695121,-0.3345219244110107,0.49730479269460964,0.07926051291503906,321.94038452148436
584,19.466666666666665,1,u-shape,0.8149316067627285,-0.3264979902679443,-0.02568736262440756,0.08247460650634765,325.481005859375
585,19.5,1,u-shape,0.8089382793352403,-0.3310278314147949,0.7643327457825803,0.07861195493164062,327.8108807373047
586,19.533333333333335,1,u-shape,0.802407678363125,-0.33062279801940914,1.158112574694356,0.07563142630615234,329.8464215087891
