frame,time_s,correct_shape_model,confidence,center_error_m,heading_deg,start_distance_m,spacing_px,message
0,0.0,0,0.0,0.0,0.0,0.0,0.0,not enough line candidates
1,0.03333333333333333,0,0.0,0.0,0.0,0.0,0.0,not enough line candidates
2,0.06666666666666667,0,0.0,0.0,0.0,0.0,0.0,not enough line candidates
3,0.1,0,0.0,0.0,0.0,0.0,0.0,not enough line candidates
4,0.13333333333333333,0,0.0,0.0,0.0,0.0,0.0,not enough line candidates
5,0.16666666666666666,0,0.0,0.0,0.0,0.0,0.0,not enough line candidates
6,0.2,0,0.0,0.0,0.0,0.0,0.0,not enough side rail candidates
7,0.23333333333333334,0,0.0,0.0,0.0,0.0,0.0,no plausible parallel pair
8,0.26666666666666666,0,0.0,0.0,0.0,0.0,0.0,no plausible parallel pair
9,0.3,0,0.0,0.0,0.0,0.0,0.0,no plausible parallel pair
10,0.3333333333333333,0,0.0,0.0,0.0,0.0,0.0,no plausible parallel pair
11,0.36666666666666664,0,0.0,0.0,0.0,0.0,0.0,no plausible parallel pair
12,0.4,0,0.0,0.0,0.0,0.0,0.0,no plausible parallel pair
13,0.43333333333333335,0,0.0,0.0,0.0,0.0,0.0,no plausible parallel pair
14,0.4666666666666667,0,0.0,0.0,0.0,0.0,0.0,no plausible parallel pair
15,0.5,0,0.0,0.0,0.0,0.0,0.0,no plausible parallel pair
16,0.5333333333333333,0,0.0,0.0,0.0,0.0,0.0,no plausible parallel pair
17,0.5666666666666667,0,0.0,0.0,0.0,0.0,0.0,no plausible parallel pair
18,0.6,0,0.0,0.0,0.0,0.0,0.0,no plausible parallel pair
19,0.6333333333333333,0,0.0,0.0,0.0,0.0,0.0,no plausible parallel pair
20,0.6666666666666666,0,0.0,0.0,0.0,0.0,0.0,no plausible parallel pair
21,0.7,0,0.0,0.0,0.0,0.0,0.0,no plausible parallel pair
22,0.7333333333333333,0,0.0,0.0,0.0,0.0,0.0,no plausible parallel pair
23,0.7666666666666667,0,0.0,0.0,0.0,0.0,0.0,no plausible parallel pair
24,0.8,0,0.0,0.0,0.0,0.0,0.0,no plausible parallel pair
25,0.8333333333333334,0,0.0,0.0,0.0,0.0,0.0,no plausible parallel pair
26,0.8666666666666667,0,0.0,0.0,0.0,0.0,0.0,no plausible parallel pair
27,0.9,0,0.0,0.0,0.0,0.0,0.0,no plausible parallel pair
28,0.9333333333333333,0,0.0,0.0,0.0,0.0,0.0,no plausible parallel pair
29,0.9666666666666667,0,0.0,0.0,0.0,0.0,0.0,no plausible parallel pair
30,1.0,0,0.0,0.0,0.0,0.0,0.0,no plausible parallel pair
31,1.0333333333333334,0,0.0,0.0,0.0,0.0,0.0,no plausible parallel pair
32,1.0666666666666667,0,0.0,0.0,0.0,0.0,0.0,no plausible parallel pair
33,1.1,0,0.0,0.0,0.0,0.0,0.0,no plausible parallel pair
34,1.1333333333333333,0,0.0,0.0,0.0,0.0,0.0,no plausible parallel pair
35,1.1666666666666667,0,0.0,0.0,0.0,0.0,0.0,no plausible parallel pair
36,1.2,0,0.0,0.0,0.0,0.0,0.0,no plausible parallel pair
37,1.2333333333333334,0,0.0,0.0,0.0,0.0,0.0,no plausible parallel pair
38,1.2666666666666666,0,0.0,0.0,0.0,0.0,0.0,no plausible parallel pair
39,1.3,0,0.0,0.0,0.0,0.0,0.0,no plausible parallel pair
40,1.3333333333333333,0,0.0,0.0,0.0,0.0,0.0,no plausible parallel pair
41,1.3666666666666667,0,0.0,0.0,0.0,0.0,0.0,no plausible parallel pair
42,1.4,0,0.0,0.0,0.0,0.0,0.0,no plausible parallel pair
43,1.4333333333333333,0,0.0,0.0,0.0,0.0,0.0,no plausible parallel pair
44,1.4666666666666666,0,0.0,0.0,0.0,0.0,0.0,no plausible parallel pair
45,1.5,0,0.0,0.0,0.0,0.0,0.0,not enough side rail candidates
46,1.5333333333333334,0,0.0,0.0,0.0,0.0,0.0,not enough side rail candidates
47,1.5666666666666667,0,0.0,0.0,0.0,0.0,0.0,no plausible parallel pair
48,1.6,0,0.0,0.0,0.0,0.0,0.0,not enough side rail candidates
49,1.6333333333333333,0,0.0,0.0,0.0,0.0,0.0,not enough side rail candidates
50,1.6666666666666667,0,0.0,0.0,0.0,0.0,0.0,not enough side rail candidates
51,1.7,0,0.0,0.0,0.0,0.0,0.0,not enough side rail candidates
52,1.7333333333333334,0,0.0,0.0,0.0,0.0,0.0,not enough side rail candidates
53,1.7666666666666666,0,0.0,0.0,0.0,0.0,0.0,not enough side rail candidates
54,1.8,0,0.0,0.0,0.0,0.0,0.0,not enough side rail candidates
55,1.8333333333333333,0,0.0,0.0,0.0,0.0,0.0,not enough side rail candidates
56,1.8666666666666667,0,0.0,0.0,0.0,0.0,0.0,not enough side rail candidates
57,1.9,0,0.0,0.0,0.0,0.0,0.0,not enough side rail candidates
58,1.9333333333333333,0,0.0,0.0,0.0,0.0,0.0,not enough side rail candidates
59,1.9666666666666666,0,0.0,0.0,0.0,0.0,0.0,not enough side rail candidates
60,2.0,0,0.0,0.0,0.0,0.0,0.0,not enough side rail candidates
61,2.033333333333333,0,0.0,0.0,0.0,0.0,0.0,not enough side rail candidates
62,2.066666666666667,0,0.0,0.0,0.0,0.0,0.0,not enough side rail candidates
63,2.1,0,0.0,0.0,0.0,0.0,0.0,not enough side rail candidates
64,2.1333333333333333,0,0.0,0.0,0.0,0.0,0.0,not enough side rail candidates
65,2.1666666666666665,0,0.0,0.0,0.0,0.0,0.0,not enough side rail candidates
66,2.2,0,0.0,0.0,0.0,0.0,0.0,not enough side rail candidates
67,2.2333333333333334,0,0.0,0.0,0.0,0.0,0.0,not enough side rail candidates
68,2.2666666666666666,0,0.0,0.0,0.0,0.0,0.0,not enough side rail candidates
69,2.3,0,0.0,0.0,0.0,0.0,0.0,not enough side rail candidates
70,2.3333333333333335,0,0.0,0.0,0.0,0.0,0.0,not enough side rail candidates
71,2.3666666666666667,0,0.0,0.0,0.0,0.0,0.0,not enough side rail candidates
72,2.4,0,0.0,0.0,0.0,0.0,0.0,not enough side rail candidates
73,2.433333333333333,0,0.0,0.0,0.0,0.0,0.0,not enough side rail candidates
74,2.466666666666667,0,0.0,0.0,0.0,0.0,0.0,not enough side rail candidates
75,2.5,0,0.0,0.0,0.0,0.0,0.0,not enough side rail candidates
76,2.533333333333333,0,0.0,0.0,0.0,0.0,0.0,not enough side rail candidates
77,2.566666666666667,0,0.0,0.0,0.0,0.0,0.0,not enough side rail candidates
78,2.6,0,0.0,0.0,0.0,0.0,0.0,not enough side rail candidates
79,2.6333333333333333,0,0.0,0.0,0.0,0.0,0.0,not enough side rail candidates
80,2.6666666666666665,0,0.0,0.0,0.0,0.0,0.0,not enough side rail candidates
81,2.7,0,0.0,0.0,0.0,0.0,0.0,not enough side rail candidates
82,2.7333333333333334,0,0.0,0.0,0.0,0.0,0.0,not enough side rail candidates
83,2.7666666666666666,0,0.0,0.0,0.0,0.0,0.0,not enough side rail candidates
84,2.8,0,0.0,0.0,0.0,0.0,0.0,not enough side rail candidates
85,2.8333333333333335,0,0.0,0.0,0.0,0.0,0.0,not enough side rail candidates
86,2.8666666666666667,0,0.0,0.0,0.0,0.0,0.0,not enough side rail candidates
87,2.9,0,0.0,0.0,0.0,0.0,0.0,not enough side rail candidates
88,2.933333333333333,0,0.0,0.0,0.0,0.0,0.0,no plausible parallel pair
89,2.966666666666667,0,0.0,0.0,0.0,0.0,0.0,not enough side rail candidates
90,3.0,0,0.0,0.0,0.0,0.0,0.0,not enough side rail candidates
91,3.033333333333333,0,0.0,0.0,0.0,0.0,0.0,not enough side rail candidates
92,3.066666666666667,0,0.0,0.0,0.0,0.0,0.0,not enough side rail candidates
93,3.1,0,0.0,0.0,0.0,0.0,0.0,not enough side rail candidates
94,3.1333333333333333,0,0.0,0.0,0.0,0.0,0.0,not enough side rail candidates
95,3.1666666666666665,0,0.0,0.0,0.0,0.0,0.0,not enough side rail candidates
96,3.2,0,0.0,0.0,0.0,0.0,0.0,no plausible parallel pair
97,3.2333333333333334,0,0.0,0.0,0.0,0.0,0.0,not enough side rail candidates
98,3.2666666666666666,0,0.0,0.0,0.0,0.0,0.0,not enough side rail candidates
99,3.3,0,0.0,0.0,0.0,0.0,0.0,not enough side rail candidates
100,3.3333333333333335,0,0.0,0.0,0.0,0.0,0.0,not enough side rail candidates
101,3.3666666666666667,0,0.0,0.0,0.0,0.0,0.0,not enough side rail candidates
102,3.4,0,0.0,0.0,0.0,0.0,0.0,not enough side rail candidates
103,3.433333333333333,0,0.0,0.0,0.0,0.0,0.0,not enough side rail candidates
104,3.466666666666667,0,0.0,0.0,0.0,0.0,0.0,not enough side rail candidates
105,3.5,0,0.0,0.0,0.0,0.0,0.0,not enough side rail candidates
106,3.533333333333333,0,0.0,0.0,0.0,0.0,0.0,not enough side rail candidates
107,3.566666666666667,0,0.0,0.0,0.0,0.0,0.0,no plausible parallel pair
108,3.6,0,0.0,0.0,0.0,0.0,0.0,not enough side rail candidates
109,3.6333333333333333,0,0.0,0.0,0.0,0.0,0.0,not enough side rail candidates
110,3.6666666666666665,0,0.0,0.0,0.0,0.0,0.0,not enough side rail candidates
111,3.7,0,0.0,0.0,0.0,0.0,0.0,not enough side rail candidates
112,3.7333333333333334,0,0.0,0.0,0.0,0.0,0.0,no plausible parallel pair
113,3.7666666666666666,0,0.0,0.0,0.0,0.0,0.0,no plausible parallel pair
114,3.8,0,0.0,0.0,0.0,0.0,0.0,no plausible parallel pair
115,3.8333333333333335,0,0.0,0.0,0.0,0.0,0.0,not enough side rail candidates
116,3.8666666666666667,0,0.0,0.0,0.0,0.0,0.0,no plausible parallel pair
117,3.9,0,0.0,0.0,0.0,0.0,0.0,not enough side rail candidates
118,3.933333333333333,0,0.0,0.0,0.0,0.0,0.0,not enough side rail candidates
119,3.966666666666667,0,0.0,0.0,0.0,0.0,0.0,no plausible parallel pair
120,4.0,0,0.0,0.0,0.0,0.0,0.0,no plausible parallel pair
121,4.033333333333333,0,0.0,0.0,0.0,0.0,0.0,no plausible parallel pair
122,4.066666666666666,0,0.0,0.0,0.0,0.0,0.0,no plausible parallel pair
123,4.1,0,0.0,0.0,0.0,0.0,0.0,no plausible parallel pair
124,4.133333333333334,0,0.0,0.0,0.0,0.0,0.0,no plausible parallel pair
125,4.166666666666667,0,0.0,0.0,0.0,0.0,0.0,no plausible parallel pair
126,4.2,0,0.0,0.0,0.0,0.0,0.0,no plausible parallel pair
127,4.233333333333333,0,0.0,0.0,0.0,0.0,0.0,no plausible parallel pair
128,4.266666666666667,0,0.0,0.0,0.0,0.0,0.0,no plausible parallel pair
129,4.3,0,0.0,0.0,0.0,0.0,0.0,no plausible parallel pair
130,4.333333333333333,0,0.0,0.0,0.0,0.0,0.0,no plausible parallel pair
131,4.366666666666666,0,0.0,0.0,0.0,0.0,0.0,no plausible parallel pair
132,4.4,0,0.0,0.0,0.0,0.0,0.0,no plausible parallel pair
133,4.433333333333334,0,0.0,0.0,0.0,0.0,0.0,no plausible parallel pair
134,4.466666666666667,0,0.0,0.0,0.0,0.0,0.0,no plausible parallel pair
135,4.5,0,0.0,0.0,0.0,0.0,0.0,no plausible parallel pair
136,4.533333333333333,0,0.0,0.0,0.0,0.0,0.0,no plausible parallel pair
137,4.566666666666666,0,0.0,0.0,0.0,0.0,0.0,not enough side rail candidates
138,4.6,0,0.0,0.0,0.0,0.0,0.0,no plausible parallel pair
139,4.633333333333334,0,0.0,0.0,0.0,0.0,0.0,no plausible parallel pair
140,4.666666666666667,0,0.0,0.0,0.0,0.0,0.0,no plausible parallel pair
141,4.7,0,0.0,0.0,0.0,0.0,0.0,no plausible parallel pair
142,4.733333333333333,0,0.0,0.0,0.0,0.0,0.0,no plausible parallel pair
143,4.766666666666667,0,0.0,0.0,0.0,0.0,0.0,no plausible parallel pair
144,4.8,0,0.0,0.0,0.0,0.0,0.0,no plausible parallel pair
145,4.833333333333333,0,0.0,0.0,0.0,0.0,0.0,no plausible parallel pair
146,4.866666666666666,0,0.0,0.0,0.0,0.0,0.0,no plausible parallel pair
147,4.9,0,0.0,0.0,0.0,0.0,0.0,no plausible parallel pair
148,4.933333333333334,0,0.0,0.0,0.0,0.0,0.0,no plausible parallel pair
149,4.966666666666667,0,0.0,0.0,0.0,0.0,0.0,no plausible parallel pair
150,5.0,0,0.0,0.0,0.0,0.0,0.0,no plausible parallel pair
151,5.033333333333333,0,0.0,0.0,0.0,0.0,0.0,no plausible parallel pair
152,5.066666666666666,0,0.0,0.0,0.0,0.0,0.0,no plausible parallel pair
153,5.1,0,0.0,0.0,0.0,0.0,0.0,no plausible parallel pair
154,5.133333333333334,0,0.0,0.0,0.0,0.0,0.0,no plausible parallel pair
155,5.166666666666667,0,0.0,0.0,0.0,0.0,0.0,no plausible parallel pair
156,5.2,0,0.0,0.0,0.0,0.0,0.0,no plausible parallel pair
157,5.233333333333333,0,0.0,0.0,0.0,0.0,0.0,no plausible parallel pair
158,5.266666666666667,0,0.0,0.0,0.0,0.0,0.0,no plausible parallel pair
159,5.3,0,0.0,0.0,0.0,0.0,0.0,no plausible parallel pair
160,5.333333333333333,0,0.0,0.0,0.0,0.0,0.0,no plausible parallel pair
161,5.366666666666666,0,0.0,0.0,0.0,0.0,0.0,no plausible parallel pair
162,5.4,0,0.0,0.0,0.0,0.0,0.0,no plausible parallel pair
163,5.433333333333334,0,0.0,0.0,0.0,0.0,0.0,no plausible parallel pair
164,5.466666666666667,0,0.0,0.0,0.0,0.0,0.0,no plausible parallel pair
165,5.5,0,0.0,0.0,0.0,0.0,0.0,no plausible parallel pair
166,5.533333333333333,0,0.0,0.0,0.0,0.0,0.0,no plausible parallel pair
167,5.566666666666666,0,0.0,0.0,0.0,0.0,0.0,no plausible parallel pair
168,5.6,0,0.0,0.0,0.0,0.0,0.0,no plausible parallel pair
169,5.633333333333334,0,0.0,0.0,0.0,0.0,0.0,no plausible parallel pair
170,5.666666666666667,0,0.0,0.0,0.0,0.0,0.0,no plausible parallel pair
171,5.7,0,0.0,0.0,0.0,0.0,0.0,no plausible parallel pair
172,5.733333333333333,0,0.0,0.0,0.0,0.0,0.0,no plausible parallel pair
173,5.766666666666667,0,0.0,0.0,0.0,0.0,0.0,no plausible parallel pair
174,5.8,0,0.0,0.0,0.0,0.0,0.0,no plausible parallel pair
175,5.833333333333333,0,0.0,0.0,0.0,0.0,0.0,no plausible parallel pair
176,5.866666666666666,0,0.0,0.0,0.0,0.0,0.0,no plausible parallel pair
177,5.9,0,0.0,0.0,0.0,0.0,0.0,no plausible parallel pair
178,5.933333333333334,0,0.0,0.0,0.0,0.0,0.0,no plausible parallel pair
179,5.966666666666667,0,0.0,0.0,0.0,0.0,0.0,no plausible parallel pair
180,6.0,0,0.0,0.0,0.0,0.0,0.0,no plausible parallel pair
181,6.033333333333333,0,0.0,0.0,0.0,0.0,0.0,no plausible parallel pair
182,6.066666666666666,0,0.0,0.0,0.0,0.0,0.0,no plausible parallel pair
183,6.1,0,0.0,0.0,0.0,0.0,0.0,no plausible parallel pair
184,6.133333333333334,0,0.0,0.0,0.0,0.0,0.0,no plausible parallel pair
185,6.166666666666667,0,0.0,0.0,0.0,0.0,0.0,no plausible parallel pair
186,6.2,0,0.0,0.0,0.0,0.0,0.0,no plausible parallel pair
187,6.233333333333333,1,0.8674148029132537,0.29863949079041335,2.364001315343587,0.0,290.0079086853676,ok
188,6.266666666666667,0,0.0,0.0,0.0,0.0,0.0,no plausible parallel pair
189,6.3,1,0.8646018871466357,0.31870354149268365,1.8937984067605094,0.0,288.28608705341765,ok
190,6.333333333333333,1,0.8546515037239363,0.3224239991857022,-0.4692574570447897,0.0,299.26157973789674,ok
191,6.366666666666666,0,0.0,0.0,0.0,0.0,0.0,no plausible parallel pair
192,6.4,1,0.882801777806068,0.2818238635844661,2.5666588370513934,0.0,272.7278820961299,ok
193,6.433333333333334,1,0.8412361608970261,0.3579599074275909,-1.0006543542364448,0.0,298.5500186113864,ok
194,6.466666666666667,1,0.8922398030545661,0.3047195639398097,1.7541259564500244,0.0,270.70776568912135,ok
195,6.5,1,0.8447781600341916,0.336587142140334,-1.7662342125594683,0.0,245.97299626066075,ok
196,6.533333333333333,1,0.8728842949793519,0.3969627425614332,-0.36535580200097245,0.0,291.25609635873906,ok
197,6.566666666666666,1,0.8943836748079406,0.33273674486074056,1.3862824464662036,0.0,270.0362517508625,ok
198,6.6,1,0.842121171483337,0.4093907813944298,-2.646537054012503,0.0,297.1014571421738,ok
199,6.633333333333334,1,0.8556934066061535,0.4153977714503783,-2.970549550153513,0.0,295.2817349529701,ok
200,6.666666666666667,1,0.879776760634431,0.34918459116559586,0.15660418096996817,0.0,268.22064183211654,ok
201,6.7,1,0.8423252053995434,0.4264193694762975,-1.5495595252135943,0.0,292.3981929694543,ok
202,6.733333333333333,1,0.8505455051937191,0.4366258899000687,-2.1487114759100807,0.0,290.327087923489,ok
203,6.766666666666667,1,0.8646701403368292,0.3733164857501641,-1.7464974097633934,0.0,260.07790146031476,ok
204,6.8,1,0.8769851054866543,0.36550964882784126,-2.6552917094120487,0.0,274.60602533697033,ok
205,6.833333333333333,1,0.8740542541550754,0.3726408218320916,-0.9143078479083416,0.0,269.4499794053929,ok
206,6.866666666666666,1,0.8713155885620611,0.376921751620658,-1.4465581076704814,0.0,268.39965762560473,ok
207,6.9,1,0.8775736855599683,0.3792705946796603,-1.4490353700693992,0.0,270.76714440259457,ok
208,6.933333333333334,1,0.826220827964397,0.4661466570269651,-3.8182896927561942,0.0,295.8539716951412,ok
209,6.966666666666667,1,0.8186531712625301,0.4688237788634988,-5.921768869952488,0.0,299.3986520669047,ok
210,7.0,1,0.8733698046584978,0.3944186276352714,-2.702598093969864,0.0,272.86942715023946,ok
211,7.033333333333333,1,0.8216985497085607,0.4777230121986728,-4.316473198500198,0.0,295.04578000908214,ok
212,7.066666666666666,1,0.8067095355419871,0.4788999334735538,-6.529374238666112,0.0,296.18753366651754,ok
213,7.1,1,0.8760312718874116,0.3967739083329736,-5.214421186046528,0.008783756085205078,277.98272309271556,ok
214,7.133333333333334,1,0.8159254185837017,0.48943060685481143,-5.882317502317538,0.009114920092773437,294.8037017850504,ok
215,7.166666666666667,1,0.867596494085769,0.40036554400876456,-5.674642653094262,0.00949848380126953,277.28637753439216,ok
216,7.2,1,0.8536179397446286,0.40154649503605927,-5.947884624079704,0.023089137225341796,276.4569647660001,ok
217,7.233333333333333,1,0.8711139964027466,0.40522232192248225,-5.933458041041915,0.02113458107910156,278.2555482525198,ok
218,7.266666666666667,1,0.8485338371120571,0.40784468315203765,-6.5966781942407255,0.03210687873535156,280.0307577046966,ok
219,7.3,1,0.8503890310390814,0.4087813286883003,-6.822228557283494,0.034189569757080075,278.96307196974976,ok
220,7.333333333333333,1,0.8435419629585494,0.41253200090109476,-7.222988364015336,0.039493449615478515,280.8055807743781,ok
221,7.366666666666666,1,0.8563687875404337,0.41626790671781716,-7.211309613203942,0.036061190368652345,280.6878488414418,ok
222,7.4,1,0.8364433624825877,0.4167637717860794,-7.294832360809035,0.050066889367675775,282.7293105587604,ok
223,7.433333333333334,1,0.8450711601056514,0.41672272862466403,-7.691257069306352,0.034228567327880856,281.3260298963068,ok
224,7.466666666666667,1,0.8369774399355251,0.41706771720912855,-8.027003299296798,0.054422844445800776,280.82800424664015,ok
225,7.5,1,0.8446478660868765,0.41827091078870055,-8.216305691351351,0.03765451968994141,278.803668533882,ok
226,7.533333333333333,1,0.8451513141018091,0.41974217667964897,-8.544193990855362,0.05378238029785156,282.3179771060892,ok
227,7.566666666666666,1,0.8421661311121692,0.4204086001537975,-8.76012318130953,0.049512671868896484,281.2802146307551,ok
228,7.6,1,0.8284622658592096,0.4182873772203552,-9.000199351110442,0.06530463830566406,280.8065896391868,ok
229,7.633333333333334,1,0.827076299896577,0.4184004370688398,-9.200751269169269,0.0,280.4162110456766,ok
230,7.666666666666667,1,0.8250136703860196,0.41866956012458384,-9.361169838589909,0.07365116960449218,282.0210896793213,ok
231,7.7,1,0.8359902619245141,0.41810921511162613,-9.596941850014368,0.06768338500976562,283.11482664302434,ok
232,7.733333333333333,1,0.8157692889672489,0.41625390373954285,-9.872455844065229,0.06474169628295898,283.6199116595177,ok
233,7.766666666666667,1,0.820336149522561,0.41898811496751653,-10.112195557935753,0.0711247366821289,285.49220471076563,ok
234,7.8,1,0.8079944919626686,0.417618175923301,-10.289927260565387,0.09769238364257812,287.26081455254183,ok
235,7.833333333333333,1,0.8228075274488398,0.4176631821318796,-10.387027289619157,0.08925950057983398,286.4459592982964,ok
236,7.866666666666666,1,0.80107612470507,0.41483414408333497,-10.82191321195745,0.10572809063720702,287.71511609907714,ok
237,7.9,1,0.8124498063946393,0.4170359344078826,-11.182683154411883,0.08704599425659179,286.8814897474227,ok
238,7.933333333333334,1,0.8034300588067377,0.4107341392400615,-11.333792411258484,0.11309342833862304,286.4251304919046,ok
239,7.966666666666667,1,0.792952555062008,0.41025637913452034,-11.5866548776436,0.11898143084106445,289.1844142808384,ok
240,8.0,1,0.8043593951643044,0.41517916865172383,-11.858929913306635,0.0904331067199707,286.89304415608115,ok
241,8.033333333333333,1,0.7938093140958338,0.40663891428944277,-12.227687185824683,0.12313188659057617,288.14667647722166,ok
242,8.066666666666666,1,0.8029349621948647,0.40648915624579485,-12.324599176079825,0.10042095222167968,287.19696596578433,ok
243,8.1,1,0.7932744186985381,0.3963311550965772,-12.612603473733216,0.12848254251098631,288.2574447110936,ok
244,8.133333333333333,1,0.7953854569023278,0.4000217690731672,-13.068961211766503,0.10836084712524413,289.52531221278196,ok
245,8.166666666666666,1,0.7941993689064156,0.3945472774935233,-13.330959529561644,0.12108913917236327,290.58822425698327,ok
246,8.2,1,0.794058293388887,0.38684519228820624,-13.427715099560908,0.12069916346435546,290.0657613506269,ok
247,8.233333333333333,1,0.7725155570274282,0.3944785654462548,-14.093523162918215,0.012392397875976562,292.057576654008,ok
248,8.266666666666667,1,0.7834471102559771,0.3759697805215275,-14.400439472417347,0.11851067445068358,290.93139949300337,ok
249,8.3,1,0.7825272215411926,0.37005053679740896,-14.810498630340915,0.12603415728759765,291.794604293391,ok
250,8.333333333333334,1,0.7733496137192959,0.3537368115638055,-15.085412251493691,0.168059137890625,292.3772316238701,ok
251,8.366666666666667,1,0.7858690952209539,0.3504365329074671,-15.404929578416066,0.1569002615600586,292.4886112045206,ok
252,8.4,1,0.7677133474122967,0.36699172133337027,-15.65006775292503,0.033780936181640624,291.97468777798287,ok
253,8.433333333333334,1,0.7783471792255869,0.3444344255401092,-15.859388732021095,0.1396295934326172,292.30018711148796,ok
254,8.466666666666667,1,0.7551219814641241,0.3627869968014738,-16.374824755216725,0.03722659755859375,296.0616307840977,ok
255,8.5,1,0.7654775467369773,0.33859419836786925,-16.538016088657365,0.15041126549682615,297.3395877240105,ok
256,8.533333333333333,1,0.7616802843369107,0.32632730105010355,-16.58524486051413,0.18152922470092772,295.8091001979358,ok
257,8.566666666666666,1,0.7572449307992293,0.32509860969381515,-16.77127876607868,0.18821793878173826,294.95230449371314,ok
258,8.6,1,0.7606923746596395,0.3282217300302901,-16.685742128942884,0.1839303082885742,295.92192464599634,ok
259,8.633333333333333,1,0.768083555012374,0.3389882926925429,-16.63387181912488,0.1481550825866699,296.01914143881646,ok
260,8.666666666666666,1,0.7707774359235997,0.337115598528205,-16.75513320944478,0.14810410193481444,295.3275655068718,ok
261,8.7,1,0.7678671128511441,0.3375080607955582,-16.820888942482796,0.14097884631347654,295.30509073159976,ok
262,8.733333333333333,1,0.7548736060510113,0.35330675307481996,-16.758935582500413,0.029258164001464842,296.2456401348573,ok
263,8.766666666666667,1,0.763607757647758,0.3355183054359882,-16.98043187941835,0.13158626561889647,295.8288473267002,ok
264,8.8,1,0.7629496578920166,0.33295143212047373,-17.012950914593215,0.13300289705200194,297.27140185126166,ok
265,8.833333333333334,1,0.7562249725025969,0.33440811796222164,-17.024032446982424,0.12734057590942383,298.0553597607327,ok
266,8.866666666666667,1,0.7526876765448972,0.3184085017410297,-17.117444823315573,0.1729775094177246,298.73519095140307,ok
267,8.9,1,0.7537443517981839,0.33163148136494075,-17.212993030163336,0.12296948430786132,298.8028444711719,ok
268,8.933333333333334,1,0.760846979404181,0.3251895099061926,-17.37547003870821,0.13197445437622068,297.96276285301866,ok
269,8.966666666666667,1,0.7570957693069899,0.323827036872755,-17.548331640440654,0.12736333325195312,298.5923850058015,ok
270,9.0,1,0.7656528769007401,0.31373477061686383,-17.695480366134426,0.144937257421875,298.20659377024225,ok
271,9.033333333333333,1,0.7456177012288073,0.3321452460440021,-17.856752960028885,0.016583953491210935,298.24329075417234,ok
272,9.066666666666666,1,0.7570187214211777,0.31249819993795414,-18.08316654265641,0.12640967971801756,298.8524690686412,ok
273,9.1,1,0.7520480175617734,0.3123239472571588,-18.17591524395047,0.11740444686279296,299.50406613030856,ok
274,9.133333333333333,1,0.757232981804692,0.30095436425407485,-18.25494802907248,0.14293235131225585,300.4320080738289,ok
275,9.166666666666666,1,0.7600936346637356,0.29830374623128386,-18.45575610756353,0.1397369155883789,299.3533771171404,ok
276,9.2,1,0.7413953350094378,0.3050530500194701,-18.87843385190076,0.11455257868652344,303.10361641576094,ok
277,9.233333333333333,1,0.7455693209558865,0.2981492927179295,-19.190927613816744,0.12619240753784178,302.43099192522106,ok
278,9.266666666666667,1,0.7387605001530525,0.2975139879106691,-19.435208029519845,0.1193420795349121,303.4731931885923,ok
279,9.3,1,0.7399560071356063,0.29372254733592507,-19.49050796562911,0.11842306130981445,302.87467817502454,ok
280,9.333333333333334,1,0.7346471995756692,0.2922168560797333,-19.742601406136433,0.11629674766845702,304.2284564114649,ok
281,9.366666666666667,1,0.7274205021277707,0.32767179125291374,-19.754739526270228,0.13571627655029297,251.299507177895,ok
282,9.4,1,0.7280629034891165,0.33294465172528614,-19.886558875917927,0.11670207012939453,252.03334582033983,ok
283,9.433333333333334,1,0.7416296700816136,0.320821922177659,-19.918208839860032,0.1436103939819336,251.57087704362618,ok
284,9.466666666666667,1,0.7309727790489973,0.2860172285366793,-20.034064234716542,0.11226396787719727,304.3834768254586,ok
285,9.5,1,0.7382280517107558,0.2819727474697296,-20.009145692021814,0.12045992230224609,303.62165490740995,ok
286,9.533333333333333,1,0.7427827449944147,0.31944049172112954,-19.973569869230168,0.14306973628540037,250.93307603571918,ok
287,9.566666666666666,1,0.7345612319571485,0.28511297013993236,-20.07043812424661,0.11455278891601561,303.34218743415056,ok
288,9.6,1,0.7420721103356747,0.2750237578754044,-20.01680058601916,0.14376443964233399,304.3684768610328,ok
289,9.633333333333333,1,0.7242554006266565,0.3013837512171737,-20.026812843806905,0.016137583721923827,304.08004604065746,ok
290,9.666666666666666,1,0.7350441078502579,0.2854071829402272,-20.047697188267914,0.11916711604003906,304.4137814972682,ok
291,9.7,1,0.7356421658974946,0.2855976002440475,-19.979001020908935,0.11681590939941405,303.6682647811901,ok
292,9.733333333333333,1,0.742357470786805,0.32156886127595785,-19.894669027863376,0.14268601490478514,251.1250723161013,ok
293,9.766666666666667,1,0.7326303463254413,0.2873096042261482,-20.0315032606795,0.11226396787719727,303.56686471871967,ok
294,9.8,1,0.7416566884940424,0.319762653141832,-19.980936507858125,0.13942850892333983,250.76181843714693,ok
295,9.833333333333334,1,0.7326334397714411,0.32272209607277835,-20.13665571746883,0.1260223318786621,251.1354421039107,ok
296,9.866666666666667,1,0.7404593998176483,0.3165990519778821,-20.266182868451644,0.13490105913696288,250.542513645533,ok
297,9.9,1,0.7374603543700211,0.2738565994387657,-20.36232302657346,0.12049665990600585,303.83378257429126,ok
298,9.933333333333334,1,0.7311004170008804,0.2749707942838762,-20.53995901105831,0.10914489801635742,304.87373566216957,ok
299,9.966666666666667,1,0.7339840565811038,0.3091253735349,-20.6148153369099,0.1285239051635742,251.0538418213984,ok
300,10.0,1,0.7244524132896797,0.2962595666921949,-20.84688753770004,0.15619488905639647,253.0659491888963,ok
301,10.033333333333333,1,0.7223941280300341,0.3166308651426891,-21.077727673142782,0.09357435579223632,253.65727218491298,ok
302,10.066666666666666,1,0.7281491303508171,0.3000392154234723,-21.151172781209947,0.123813398046875,253.18688674129174,ok
303,10.1,1,0.7288342050670538,0.3101348020885109,-21.649403630061347,0.09608775448608398,255.97742747103905,ok
304,10.133333333333333,1,0.744878932841145,0.29579535885234703,-21.875362099722096,0.12186467576904296,256.37900174546047,ok
305,10.166666666666666,1,0.7350721123396252,0.298603930478478,-22.021501367200067,0.10112832190551757,256.664836807401,ok
306,10.2,1,0.7335405782509692,0.2952981698021243,-22.315331650005795,0.09552113344726562,257.3357225924995,ok
307,10.233333333333333,1,0.7279182295173435,0.29361145733255,-22.605999238595295,0.08689631085815429,256.8901484323252,ok
308,10.266666666666667,1,0.7453390072674406,0.27740082540861755,-22.78107259432369,0.11726054477539062,258.1105955306277,ok
309,10.3,1,0.7317449944671304,0.28532993075089375,-22.80939121663433,0.08746629556884765,258.68379321381576,ok
310,10.333333333333334,1,0.738293311802999,0.27596745073069356,-23.051232236062674,0.09908073920898437,258.82927165374264,ok
311,10.366666666666667,1,0.7384719386320038,0.27125346393111266,-23.14063819505511,0.10155235479125976,257.99507828650485,ok
312,10.4,1,0.7345422169299725,0.27371183695766804,-23.242723668722117,0.09348427245483398,258.9268894464701,ok
313,10.433333333333334,1,0.7374609691492096,0.2717627516933595,-23.208233305427164,0.09701838789062499,259.08811007472696,ok
314,10.466666666666667,1,0.708097295002193,0.22308450444562697,-23.32209838177005,0.10288689160766601,312.91577825505397,ok
315,10.5,1,0.7402121012740931,0.2697467726060793,-23.197603361110115,0.10291963485107421,258.4742400099537,ok
316,10.533333333333333,1,0.7471046857556956,0.26485588186959963,-23.126958284702045,0.11593825382690429,258.28848043351974,ok
317,10.566666666666666,1,0.746138685303257,0.2648399641390784,-23.056203305942358,0.11698656318969726,257.88237136867053,ok
318,10.6,1,0.7445811505665181,0.2660991173781643,-22.998316753164215,0.11894301140136718,257.5503879775014,ok
319,10.633333333333333,1,0.7321613458269163,0.2573446904658155,-22.873335182243327,0.14325678797607422,257.928028351525,ok
320,10.666666666666666,1,0.7445101943684003,0.26799205224182365,-22.816837617199266,0.1267862007385254,257.70879669358544,ok
321,10.7,1,0.7440325922963262,0.2738725821299593,-22.576153295410528,0.11880236787109374,257.3577707690938,ok
322,10.733333333333333,1,0.7445498955609545,0.27092683887210856,-22.134648620566267,0.12916363350830076,255.57012739478762,ok
323,10.766666666666667,1,0.7395502306222436,0.27200501239705044,-22.04882062103746,0.13567317950439453,253.6251698273578,ok
324,10.8,1,0.7305105071720334,0.28337318246313753,-21.725952925133946,0.11569375692749023,253.39209451755858,ok
325,10.833333333333334,1,0.7451253875429878,0.2807769288355147,-21.614072876241494,0.1405921817199707,254.2026350717104,ok
326,10.866666666666667,1,0.7287336065336998,0.2950392520280696,-21.25866124284886,0.11884325750732422,253.7679574021605,ok
327,10.9,1,0.7360354618385736,0.2944791064376146,-20.960879025541416,0.13631758545532227,252.65041075892088,ok
328,10.933333333333334,1,0.725137699615918,0.2852208086265732,-20.677841330505114,0.17983198945312498,251.56307243013583,ok
329,10.966666666666667,1,0.7371492064426937,0.2979073654372842,-20.320527191851443,0.16844816756591796,250.978864475499,ok
330,11.0,1,0.7288298439465467,0.2987697894631919,-19.874664088165634,0.18931938364868162,251.89982382578086,ok
331,11.033333333333333,1,0.7322287774690603,0.31518237452945347,-19.415412662825908,0.1697408687133789,251.16751475840135,ok
332,11.066666666666666,1,0.7426019327019343,0.32351482612796817,-18.982850084897283,0.17115587086791992,251.02700271789865,ok
333,11.1,1,0.7508609739942959,0.27628481063632354,-18.695194783391536,0.20544771727294922,298.69932860828567,ok
334,11.133333333333333,1,0.7546218365505379,0.3016072850717413,-18.239861342066817,0.16134714089355467,297.71943449890773,ok
335,11.166666666666666,1,0.7632529082661337,0.3080182247868895,-17.597886887214035,0.1740395362548828,296.721110592246,ok
336,11.2,1,0.7551333768826152,0.34833225742098334,-17.243179537438596,0.0664241103515625,294.76071005623373,ok
337,11.233333333333333,1,0.7741910432440732,0.32630690999492384,-16.870887545583976,0.17425775446777342,292.8060679528417,ok
338,11.266666666666667,1,0.7791343018122872,0.33628070587379216,-16.468553928579844,0.17148945251464842,290.6123215827433,ok
339,11.3,1,0.7937028194004283,0.3417711309431784,-15.657381153693555,0.17585901995239256,286.6980228007312,ok
340,11.333333333333334,1,0.8072432344383077,0.34600072215712147,-15.198338390462858,0.19583308167724608,285.71069007547374,ok
341,11.366666666666667,1,0.7927746641475903,0.352976810702114,-14.786977072959619,0.21162121142578125,285.73279212604535,ok
342,11.4,1,0.7911074391995792,0.39725079437312694,-14.291084165354938,0.07275348967285156,283.9058842539064,ok
343,11.433333333333334,1,0.8044232901126779,0.37890348292617093,-13.892708515103104,0.18251236292114256,285.82776307195616,ok
344,11.466666666666667,1,0.7503605206193616,0.48265306530812063,-12.943228116724546,0.18451979178466796,297.46741671262885,ok
345,11.5,1,0.8144694904923468,0.3944661746223959,-12.827932835906601,0.1834127232788086,282.60866910697746,ok
346,11.533333333333333,1,0.8128416531985592,0.40373966271172707,-12.56235815789742,0.176066936920166,282.46574841397387,ok
347,11.566666666666666,1,0.8097590984562465,0.40440421875631316,-12.10737254546896,0.20190062016601562,281.9768946916704,ok
348,11.6,1,0.8262691969742627,0.4149997008515753,-11.619174034268577,0.18528245182495115,281.6874624726783,ok
349,11.633333333333333,1,0.8055667535140167,0.4435202546313629,-11.2600981640029,0.06142033309326172,282.8016728482288,ok
350,11.666666666666666,1,0.8335290384796007,0.4258231476592245,-10.81329475917221,0.18258799298095701,280.1128486081709,ok
351,11.7,1,0.8173174347686342,0.4306193819276912,-10.590031759351513,0.19348271595458982,280.6325233079781,ok
352,11.733333333333333,1,0.8378063433322301,0.43802032797929,-10.169067337493992,0.18196271791381835,279.8673143215519,ok
353,11.766666666666667,1,0.8361275799511542,0.4433942443329924,-9.761623325775744,0.18035430462646485,280.27911788307864,ok
354,11.8,1,0.8299969983422979,0.4506191785167056,-9.447557887075103,0.16928850740356444,280.57088333309173,ok
355,11.833333333333334,1,0.8317652062978869,0.4569260768840702,-9.195434118700277,0.17084036895751953,280.73078675771774,ok
356,11.866666666666667,1,0.8239868538459673,0.4600501953117133,-8.915527765085177,0.18750899237670898,279.4215356043877,ok
357,11.9,1,0.8289681183968838,0.46731701686501226,-8.649891454022171,0.18360371677246093,278.72901013876185,ok
358,11.933333333333334,1,0.828212854586021,0.4727654137041529,-8.086915194465215,0.1831962394592285,277.3402147143766,ok
359,11.966666666666667,1,0.8417761522250206,0.48012963841944856,-7.584269517957629,0.16965025980224607,277.81861321580277,ok
360,12.0,1,0.8318575008891083,0.4868686887085002,-7.251811677858134,0.18000038327636717,277.4250840979888,ok
361,12.033333333333333,1,0.8461667997885307,0.4970524945269683,-6.900645902243909,0.17229731189575195,277.37082125922143,ok
362,12.066666666666666,1,0.8435294019628262,0.5053651438167422,-6.443882575516791,0.17268686714477538,275.8716927595234,ok
363,12.1,1,0.8397870476047393,0.5154853643945747,-6.133033468789283,0.16625762881469724,275.98420962059754,ok
364,12.133333333333333,1,0.8444436149794561,0.5217198845933613,-5.476895361823166,0.16709923002929686,276.0912054780682,ok
365,12.166666666666666,1,0.8380781978442742,0.5299786989705081,-4.980771520020602,0.16091375279541015,274.4661045076249,ok
366,12.2,1,0.8407672429726202,0.5387191022699936,-4.490417628869058,0.1618898483276367,272.9815276705277,ok
367,12.233333333333333,1,0.8397584731926842,0.5486400453247892,-4.078896354573887,0.1600821900390625,273.3469869247972,ok
368,12.266666666666667,1,0.8379744017128227,0.5580200848015754,-3.6809434516739623,0.15659500833740234,272.14382005354116,ok
369,12.3,1,0.8439581835464939,0.5669817499629423,-3.193030678468777,0.15321756643066406,274.58856408166605,ok
370,12.333333333333334,1,0.8415446919762244,0.5739423670024326,-2.7502384402035127,0.14967325486450195,272.9635637802136,ok
371,12.366666666666667,1,0.8404242006978615,0.581374110211775,-2.450181277780303,0.14455674204101562,272.7441551649074,ok
372,12.4,1,0.8395617551465631,0.5881738389745917,-2.05483787105901,0.14128625438842773,272.2127220613114,ok
373,12.433333333333334,1,0.8376635649009658,0.5935213233165542,-1.6558510440340721,0.1384082651977539,270.63724383577335,ok
374,12.466666666666667,1,0.8480951003403869,0.6013365971399091,-1.535300358376789,0.13701150045166016,276.531700386548,ok
375,12.5,1,0.8152936371774782,0.6046965043680397,-1.2417475675489646,0.13407412142944336,273.6464345785656,ok
376,12.533333333333333,1,0.8361400424580979,0.6054708216905498,-0.8019065546141086,0.13216938967285155,270.8688371904551,ok
377,12.566666666666666,1,0.8191440623809515,0.709215753811795,-0.7458111414177636,0.13186676431884764,290.74358457263645,ok
378,12.6,1,0.8193866836875697,0.6131779354121868,-0.9711491807246132,0.1318289230102539,273.70459719550524,ok
379,12.633333333333333,1,0.8401498042441833,0.6138095596818137,-0.8303505701563946,0.13160203283081054,273.42265906944306,ok
380,12.666666666666666,0,0.0,0.0,0.0,0.0,0.0,no plausible parallel pair
381,12.7,1,0.8468172065621603,0.6161378564372203,-0.9244115445750181,0.13418796069946287,276.5163630703604,ok
382,12.733333333333333,1,0.8470663003313152,0.615323299321299,-0.9510346224107953,0.13415001427612305,276.66871554956344,ok
383,12.766666666666667,1,0.8437819915296897,0.6131603528138293,-0.8616261881406276,0.133922388293457,275.24427288105164,ok
384,12.8,1,0.8433560669239246,0.6113539560432615,-0.8636305859586239,0.13403617500610351,274.61227826856236,ok
385,12.833333333333334,1,0.8433665609227711,0.6121812453571635,-0.9234902543098265,0.13426385354614256,274.42821447791505,ok
386,12.866666666666667,1,0.8441904127339783,0.6113120692008974,-0.8517391676769098,0.1343017999694824,274.50663426609105,ok
387,12.9,1,0.8473239843792394,0.61244772502954,-0.942302311295013,0.13441563923950195,276.52625878407537,ok
388,12.933333333333334,1,0.8431861325032629,0.6135028113155415,-1.0811096079384794,0.13403617500610351,275.1908231310706,ok
389,12.966666666666667,1,0.8492939896198803,0.6137881079048851,-1.0865787590843277,0.13418796069946287,277.7587058195942,ok
390,13.0,1,0.8486444440784974,0.6134292323686324,-1.0848020729684784,0.1343017999694824,277.23650920317493,ok
391,13.033333333333333,1,0.839498349672161,0.6099095796955597,-0.7004695126501678,0.13426385354614256,271.98030977392716,ok
392,13.066666666666666,1,0.8410732733720642,0.609161318491883,-0.6471388074247951,0.13418796069946287,272.64212253769176,ok
393,13.1,1,0.8425790404675815,0.608491140450969,-0.5963385035617997,0.13407412142944336,273.348917178625,ok
394,13.133333333333333,1,0.8456246651980444,0.6105454838997135,-0.8433383001965699,0.1343017999694824,275.07060256646037,ok
395,13.166666666666666,1,0.8470242785623359,0.6125224093499748,-1.0150973165087895,0.1343017999694824,276.4196455395262,ok
396,13.2,1,0.8440535357478944,0.6120506799682323,-1.0181473301974127,0.1343017999694824,274.86328303658547,ok
397,13.233333333333333,1,0.8486805771866218,0.6116507934050636,-1.0090781315896233,0.13422590712280272,277.0503067272351,ok
398,13.266666666666667,1,0.8470486855773057,0.610892461039411,-0.8554599002681961,0.13418796069946287,275.9732446803963,ok
399,13.3,1,0.8448101164499703,0.6095216719546411,-0.7014163507137233,0.1343017999694824,274.3106110590036,ok
400,13.333333333333334,1,0.8462095707389607,0.6113644924480033,-0.9804253785791723,0.1343017999694824,275.7058108575991,ok
401,13.366666666666667,1,0.8430870683282772,0.6095014620599983,-0.7290991939692036,0.13407412142944336,273.95964931191304,ok
402,13.4,1,0.8458368370671285,0.61110884333215,-0.9048815248166291,0.13426385354614256,275.4208634108628,ok
403,13.433333333333334,1,0.8099596721638387,0.7172232955107691,-1.0181752642896058,0.13911962924194335,294.11562947855475,ok
404,13.466666666666667,1,0.8367534513604933,0.6202898347742424,-0.9691341274136978,0.14613546041259765,278.2742203115572,ok
405,13.5,1,0.8481656376285797,0.6221920468792911,-0.7238650540061745,0.15138010811157226,279.6789522564153,ok
406,13.533333333333333,1,0.8255136242353114,0.6269458028689698,-0.809503101211813,0.042376011297607416,281.8452442652243,ok
407,13.566666666666666,0,0.0,0.0,0.0,0.0,0.0,no plausible parallel pair
408,13.6,1,0.8450262872826102,0.627554314819918,-0.8840934293647601,0.16107573461914063,280.29857382075363,ok
409,13.633333333333333,1,0.8460217270029722,0.6294437256118505,-0.958179143298383,0.16414850143432616,279.13755832172103,ok
410,13.666666666666666,1,0.8388818273877034,0.6349605982550752,-1.3761532295508896,0.16860804709472654,279.9817187988018,ok
411,13.7,1,0.8406920275929091,0.6384725182934813,-1.4100702577491704,0.17429076049804687,280.37306883400447,ok
412,13.733333333333333,0,0.0,0.0,0.0,0.0,0.0,no plausible parallel pair
413,13.766666666666667,1,0.8416158882729896,0.6499859757154124,-1.3839060406879315,0.18661346729736328,279.15212058837903,ok
414,13.8,1,0.834974662816203,0.6595780123336399,-1.8863332871195113,0.19161508970336913,280.44136732645063,ok
415,13.833333333333334,1,0.8369813791262466,0.6643092445867746,-1.8009827271855783,0.19689610710449218,279.8807201889234,ok
416,13.866666666666667,1,0.8291041941667503,0.6762986636522115,-2.2581173340465233,0.20275005242919922,282.1142821574482,ok
417,13.9,0,0.0,0.0,0.0,0.0,0.0,no plausible parallel pair
418,13.933333333333334,0,0.0,0.0,0.0,0.0,0.0,no plausible parallel pair
419,13.966666666666667,0,0.0,0.0,0.0,0.0,0.0,no plausible parallel pair
420,14.0,0,0.0,0.0,0.0,0.0,0.0,no plausible parallel pair
421,14.033333333333333,0,0.0,0.0,0.0,0.0,0.0,no plausible parallel pair
422,14.066666666666666,0,0.0,0.0,0.0,0.0,0.0,no plausible parallel pair
423,14.1,0,0.0,0.0,0.0,0.0,0.0,no plausible parallel pair
424,14.133333333333333,0,0.0,0.0,0.0,0.0,0.0,no plausible parallel pair
425,14.166666666666666,0,0.0,0.0,0.0,0.0,0.0,no plausible parallel pair
426,14.2,0,0.0,0.0,0.0,0.0,0.0,no plausible parallel pair
427,14.233333333333333,0,0.0,0.0,0.0,0.0,0.0,no plausible parallel pair
428,14.266666666666667,0,0.0,0.0,0.0,0.0,0.0,no plausible parallel pair
429,14.3,0,0.0,0.0,0.0,0.0,0.0,no plausible parallel pair
430,14.333333333333334,0,0.0,0.0,0.0,0.0,0.0,no plausible parallel pair
431,14.366666666666667,0,0.0,0.0,0.0,0.0,0.0,no plausible parallel pair
432,14.4,0,0.0,0.0,0.0,0.0,0.0,no plausible parallel pair
433,14.433333333333334,0,0.0,0.0,0.0,0.0,0.0,no plausible parallel pair
434,14.466666666666667,0,0.0,0.0,0.0,0.0,0.0,no plausible parallel pair
435,14.5,0,0.0,0.0,0.0,0.0,0.0,no plausible parallel pair
436,14.533333333333333,0,0.0,0.0,0.0,0.0,0.0,no plausible parallel pair
437,14.566666666666666,0,0.0,0.0,0.0,0.0,0.0,no plausible parallel pair
438,14.6,1,0.761592523618193,0.6816433924232375,-2.6570169284292646,0.23399830136108396,265.94576347590396,ok
439,14.633333333333333,0,0.0,0.0,0.0,0.0,0.0,no plausible parallel pair
440,14.666666666666666,1,0.8144088088487342,0.6688160286630026,-2.7754380850044784,0.22897486764526365,269.18151229471584,ok
441,14.7,1,0.8167228574665801,0.6616239254451062,-3.0307574986080286,0.22499795634155273,270.3356412126062,ok
442,14.733333333333333,1,0.813495071806213,0.6496673876980923,-2.683225230688731,0.22255272456054687,267.2464709198555,ok
443,14.766666666666667,1,0.817018027702106,0.6413680334396424,-2.785229901810934,0.2228498839477539,268.1447737935474,ok
444,14.8,1,0.8252636551166983,0.6313809424241449,-2.757212461111659,0.22036975407104492,271.62895073150924,ok
445,14.833333333333334,1,0.8193951723876618,0.6187071062539115,-2.6747910061846802,0.21509478076782226,268.0516767039537,ok
446,14.866666666666667,1,0.8267712608206319,0.6069448120678841,-2.8046511843129327,0.21160786185302732,270.49407277154864,ok
447,14.9,1,0.8299534663137672,0.5921469202870655,-2.418564159525169,0.20859642949218749,268.7437720427066,ok
448,14.933333333333334,1,0.8406746942508967,0.581555903573154,-2.5493336729249085,0.20570114892578123,272.8209214166691,ok
449,14.966666666666667,1,0.8411508754378462,0.5665987597237175,-2.2806095704630134,0.20151942153930663,271.0165793570933,ok
450,15.0,1,0.8457563761183379,0.5559590831819304,-2.2278117404240914,0.19918760856933593,271.565181681695,ok
451,15.033333333333333,1,0.8514039990262858,0.5446115211828234,-2.0662496307722336,0.19362430551757812,272.5351625455023,ok
452,15.066666666666666,1,0.8570819143960412,0.5324797790145717,-2.1677580341482634,0.18885277929077146,273.6613197382944,ok
453,15.1,1,0.8590755290711879,0.5184864516518654,-2.0119201513697575,0.18544422341918945,273.0046879485344,ok
454,15.133333333333333,1,0.8520526308793508,0.5095853880464805,-2.0083257442631046,0.06772427464599609,274.85187029101337,ok
455,15.166666666666666,1,0.8661915982287283,0.490586455576322,-1.8055586099872274,0.1765969254699707,273.83685846558603,ok
456,15.2,1,0.8749213272010554,0.4783385853915527,-1.5477829819194107,0.17537049916992187,274.36941113729694,ok
457,15.233333333333333,1,0.8371062675037029,0.5549302138432434,-1.3150172094176464,0.16945795237426756,290.6130217860832,ok
458,15.266666666666667,1,0.8219603894814572,0.5401586241364775,-3.492938247476846,0.1709155785583496,292.4827329973774,ok
459,15.3,1,0.8877647373834641,0.4392937756259707,0.5418010300824916,0.16401358665771484,274.08600006133923,ok
460,15.333333333333334,1,0.8890940729245125,0.4237625658839211,-1.3717127313251392,0.1610658538330078,273.9396100059694,ok
461,15.366666666666667,1,0.8904364122046913,0.408901463812133,-1.1714707879656936,0.1576495720275879,274.36840108371075,ok
462,15.4,1,0.8783999977329111,0.39764745109585264,-1.1115072623104492,0.040639095233154295,275.2545690848008,ok
463,15.433333333333334,1,0.8971163413464076,0.38693039854867795,0.7156216710345756,0.15249600625610352,273.2582657300419,ok
464,15.466666666666667,1,0.8655351043373706,0.4520782050324955,-0.6327770248930882,0.14717677964477538,290.977582513874,ok
465,15.5,1,0.8977440042522388,0.35679062778735304,-0.944773268109793,0.14256145393066405,276.3274959325379,ok
466,15.533333333333333,1,0.8901058471447276,0.34675247494330325,1.14818574101437,0.14078801049194334,272.61127562692724,ok
467,15.566666666666666,1,0.9043643273059014,0.3330243786867179,1.3156417058279724,0.14190958483276367,272.8974124201424,ok
468,15.6,1,0.8682678351927353,0.39486361870276,-0.025743896431698148,0.13750690625,292.79764299675577,ok
469,15.633333333333333,1,0.8706159224558512,0.38219278377283467,-1.901156225523405,0.13588367178344726,292.53885972412087,ok
470,15.666666666666666,1,0.8732752227128773,0.2988954878428167,1.2358132062766176,0.1340532035949707,265.59477947919925,ok
471,15.7,1,0.8819585771891948,0.28464407408223463,1.4167753963929952,0.1321483667236328,268.24401746690575,ok
472,15.733333333333333,1,0.8980101480311614,0.2643861352755439,1.9101338480586267,0.13058820110473632,274.63205816102675,ok
473,15.766666666666667,1,0.8784821106108973,0.32383735445002165,-1.2567262492315168,0.017273190881347655,288.0394082983125,ok
474,15.8,1,0.8811298335980908,0.30887119379276595,0.6501633402138903,0.015946064654541015,288.4378744751697,ok
475,15.833333333333334,1,0.8796166723688279,0.2951118704757678,0.7078174368736607,0.01460269819946289,287.38312566266325,ok
476,15.866666666666667,1,0.8846307224620052,0.2790310154832656,0.9051308496487237,0.012000267315673828,287.9204489215671,ok
477,15.9,1,0.8244665026952773,0.2219965636593973,1.0612670959937125,0.11931033488159179,236.9373159233146,ok
478,15.933333333333334,0,0.0,0.0,0.0,0.0,0.0,no plausible parallel pair
479,15.966666666666667,0,0.0,0.0,0.0,0.0,0.0,no plausible parallel pair
480,16.0,0,0.0,0.0,0.0,0.0,0.0,no plausible parallel pair
481,16.033333333333335,0,0.0,0.0,0.0,0.0,0.0,no plausible parallel pair
482,16.066666666666666,0,0.0,0.0,0.0,0.0,0.0,no plausible parallel pair
483,16.1,0,0.0,0.0,0.0,0.0,0.0,no plausible parallel pair
484,16.133333333333333,0,0.0,0.0,0.0,0.0,0.0,no plausible parallel pair
485,16.166666666666668,0,0.0,0.0,0.0,0.0,0.0,no plausible parallel pair
486,16.2,0,0.0,0.0,0.0,0.0,0.0,no plausible parallel pair
487,16.233333333333334,0,0.0,0.0,0.0,0.0,0.0,no plausible parallel pair
488,16.266666666666666,0,0.0,0.0,0.0,0.0,0.0,no plausible parallel pair
489,16.3,0,0.0,0.0,0.0,0.0,0.0,no plausible parallel pair
490,16.333333333333332,0,0.0,0.0,0.0,0.0,0.0,no plausible parallel pair
491,16.366666666666667,0,0.0,0.0,0.0,0.0,0.0,no plausible parallel pair
492,16.4,0,0.0,0.0,0.0,0.0,0.0,no plausible parallel pair
493,16.433333333333334,0,0.0,0.0,0.0,0.0,0.0,no plausible parallel pair
494,16.466666666666665,0,0.0,0.0,0.0,0.0,0.0,no plausible parallel pair
495,16.5,0,0.0,0.0,0.0,0.0,0.0,no plausible parallel pair
496,16.533333333333335,0,0.0,0.0,0.0,0.0,0.0,no plausible parallel pair
497,16.566666666666666,0,0.0,0.0,0.0,0.0,0.0,no plausible parallel pair
498,16.6,0,0.0,0.0,0.0,0.0,0.0,no plausible parallel pair
499,16.633333333333333,0,0.0,0.0,0.0,0.0,0.0,no plausible parallel pair
500,16.666666666666668,0,0.0,0.0,0.0,0.0,0.0,no plausible parallel pair
501,16.7,0,0.0,0.0,0.0,0.0,0.0,no plausible parallel pair
502,16.733333333333334,0,0.0,0.0,0.0,0.0,0.0,no plausible parallel pair
503,16.766666666666666,0,0.0,0.0,0.0,0.0,0.0,no plausible parallel pair
504,16.8,0,0.0,0.0,0.0,0.0,0.0,not enough side rail candidates
505,16.833333333333332,0,0.0,0.0,0.0,0.0,0.0,not enough side rail candidates
506,16.866666666666667,0,0.0,0.0,0.0,0.0,0.0,not enough side rail candidates
507,16.9,0,0.0,0.0,0.0,0.0,0.0,not enough side rail candidates
508,16.933333333333334,0,0.0,0.0,0.0,0.0,0.0,not enough side rail candidates
509,16.966666666666665,0,0.0,0.0,0.0,0.0,0.0,not enough side rail candidates
510,17.0,0,0.0,0.0,0.0,0.0,0.0,not enough side rail candidates
511,17.033333333333335,0,0.0,0.0,0.0,0.0,0.0,not enough side rail candidates
512,17.066666666666666,0,0.0,0.0,0.0,0.0,0.0,not enough side rail candidates
513,17.1,0,0.0,0.0,0.0,0.0,0.0,not enough side rail candidates
514,17.133333333333333,0,0.0,0.0,0.0,0.0,0.0,not enough side rail candidates
515,17.166666666666668,0,0.0,0.0,0.0,0.0,0.0,not enough side rail candidates
516,17.2,0,0.0,0.0,0.0,0.0,0.0,not enough side rail candidates
517,17.233333333333334,0,0.0,0.0,0.0,0.0,0.0,not enough side rail candidates
518,17.266666666666666,0,0.0,0.0,0.0,0.0,0.0,not enough side rail candidates
519,17.3,0,0.0,0.0,0.0,0.0,0.0,not enough side rail candidates
520,17.333333333333332,0,0.0,0.0,0.0,0.0,0.0,not enough side rail candidates
521,17.366666666666667,0,0.0,0.0,0.0,0.0,0.0,not enough side rail candidates
522,17.4,0,0.0,0.0,0.0,0.0,0.0,not enough side rail candidates
523,17.433333333333334,0,0.0,0.0,0.0,0.0,0.0,not enough side rail candidates
524,17.466666666666665,0,0.0,0.0,0.0,0.0,0.0,not enough side rail candidates
525,17.5,0,0.0,0.0,0.0,0.0,0.0,not enough side rail candidates
526,17.533333333333335,0,0.0,0.0,0.0,0.0,0.0,not enough side rail candidates
527,17.566666666666666,0,0.0,0.0,0.0,0.0,0.0,not enough side rail candidates
528,17.6,0,0.0,0.0,0.0,0.0,0.0,not enough side rail candidates
529,17.633333333333333,0,0.0,0.0,0.0,0.0,0.0,not enough side rail candidates
530,17.666666666666668,0,0.0,0.0,0.0,0.0,0.0,not enough side rail candidates
531,17.7,0,0.0,0.0,0.0,0.0,0.0,not enough side rail candidates
532,17.733333333333334,0,0.0,0.0,0.0,0.0,0.0,not enough side rail candidates
533,17.766666666666666,0,0.0,0.0,0.0,0.0,0.0,not enough side rail candidates
534,17.8,0,0.0,0.0,0.0,0.0,0.0,not enough side rail candidates
535,17.833333333333332,0,0.0,0.0,0.0,0.0,0.0,not enough side rail candidates
536,17.866666666666667,0,0.0,0.0,0.0,0.0,0.0,not enough side rail candidates
537,17.9,0,0.0,0.0,0.0,0.0,0.0,not enough side rail candidates
538,17.933333333333334,0,0.0,0.0,0.0,0.0,0.0,not enough side rail candidates
539,17.966666666666665,0,0.0,0.0,0.0,0.0,0.0,not enough side rail candidates
540,18.0,0,0.0,0.0,0.0,0.0,0.0,not enough side rail candidates
541,18.033333333333335,0,0.0,0.0,0.0,0.0,0.0,not enough side rail candidates
542,18.066666666666666,0,0.0,0.0,0.0,0.0,0.0,not enough side rail candidates
543,18.1,0,0.0,0.0,0.0,0.0,0.0,not enough side rail candidates
544,18.133333333333333,0,0.0,0.0,0.0,0.0,0.0,not enough side rail candidates
545,18.166666666666668,0,0.0,0.0,0.0,0.0,0.0,not enough side rail candidates
546,18.2,0,0.0,0.0,0.0,0.0,0.0,not enough side rail candidates
547,18.233333333333334,0,0.0,0.0,0.0,0.0,0.0,not enough side rail candidates
548,18.266666666666666,0,0.0,0.0,0.0,0.0,0.0,not enough side rail candidates
549,18.3,0,0.0,0.0,0.0,0.0,0.0,not enough side rail candidates
550,18.333333333333332,0,0.0,0.0,0.0,0.0,0.0,not enough side rail candidates
551,18.366666666666667,0,0.0,0.0,0.0,0.0,0.0,not enough side rail candidates
552,18.4,0,0.0,0.0,0.0,0.0,0.0,not enough side rail candidates
553,18.433333333333334,0,0.0,0.0,0.0,0.0,0.0,not enough side rail candidates
554,18.466666666666665,0,0.0,0.0,0.0,0.0,0.0,not enough side rail candidates
555,18.5,0,0.0,0.0,0.0,0.0,0.0,not enough side rail candidates
556,18.533333333333335,0,0.0,0.0,0.0,0.0,0.0,not enough side rail candidates
557,18.566666666666666,0,0.0,0.0,0.0,0.0,0.0,not enough side rail candidates
558,18.6,0,0.0,0.0,0.0,0.0,0.0,not enough side rail candidates
559,18.633333333333333,0,0.0,0.0,0.0,0.0,0.0,not enough side rail candidates
560,18.666666666666668,0,0.0,0.0,0.0,0.0,0.0,not enough side rail candidates
561,18.7,0,0.0,0.0,0.0,0.0,0.0,not enough side rail candidates
562,18.733333333333334,0,0.0,0.0,0.0,0.0,0.0,not enough side rail candidates
563,18.766666666666666,0,0.0,0.0,0.0,0.0,0.0,not enough side rail candidates
564,18.8,0,0.0,0.0,0.0,0.0,0.0,not enough side rail candidates
565,18.833333333333332,0,0.0,0.0,0.0,0.0,0.0,not enough side rail candidates
566,18.866666666666667,0,0.0,0.0,0.0,0.0,0.0,not enough side rail candidates
567,18.9,0,0.0,0.0,0.0,0.0,0.0,not enough side rail candidates
568,18.933333333333334,0,0.0,0.0,0.0,0.0,0.0,not enough side rail candidates
569,18.966666666666665,0,0.0,0.0,0.0,0.0,0.0,not enough side rail candidates
570,19.0,0,0.0,0.0,0.0,0.0,0.0,not enough side rail candidates
571,19.033333333333335,0,0.0,0.0,0.0,0.0,0.0,not enough side rail candidates
572,19.066666666666666,0,0.0,0.0,0.0,0.0,0.0,not enough side rail candidates
573,19.1,0,0.0,0.0,0.0,0.0,0.0,not enough side rail candidates
574,19.133333333333333,0,0.0,0.0,0.0,0.0,0.0,not enough side rail candidates
575,19.166666666666668,0,0.0,0.0,0.0,0.0,0.0,not enough side rail candidates
576,19.2,0,0.0,0.0,0.0,0.0,0.0,not enough side rail candidates
577,19.233333333333334,0,0.0,0.0,0.0,0.0,0.0,not enough side rail candidates
578,19.266666666666666,0,0.0,0.0,0.0,0.0,0.0,not enough side rail candidates
579,19.3,0,0.0,0.0,0.0,0.0,0.0,not enough side rail candidates
580,19.333333333333332,0,0.0,0.0,0.0,0.0,0.0,not enough side rail candidates
581,19.366666666666667,0,0.0,0.0,0.0,0.0,0.0,not enough side rail candidates
582,19.4,0,0.0,0.0,0.0,0.0,0.0,not enough side rail candidates
583,19.433333333333334,0,0.0,0.0,0.0,0.0,0.0,not enough side rail candidates
584,19.466666666666665,0,0.0,0.0,0.0,0.0,0.0,not enough side rail candidates
585,19.5,0,0.0,0.0,0.0,0.0,0.0,not enough side rail candidates
586,19.533333333333335,0,0.0,0.0,0.0,0.0,0.0,not enough side rail candidates
